sample	file
HG002	s3://human-pangenomics/T2T/HG002/assemblies/polishing/HG002/v1.0/mapping/ont_r10_ul_dorado/hg002v1.0_ont_r10_ul_dorado.bam
HG00096	s3://human-pangenomics/submissions/26FA1FCF-1B37-44B7-8B4B-736C227429BA--UCSC_HGSVC_ONT_R10/HG00096/basecalled/04_28_25_R1041_UL_HGSVC_HG00096_2_dorado0.9.1_supv5.0.0_5mCG_5hmCG.bam
HG00097	s3://human-pangenomics/submissions/F673CD5D-9552-4CFC-8BE7-650A71CC5BF4--UCSC_HPRC_nanopore_Year4/HG00097/dorado0.6.0_sup4.3.0_5mCG_5hmCG/10_31_23_R1041_HPRC_HG00097_1_dorado0.6.0_sup4.3.0_5mCG_5hmCG.bam
HG00099	s3://human-pangenomics/submissions/9C2CC113-CBD3-47C7-B741-37550879BA49--UCSC_HPRC_NANOPORE_YEAR3_R10/HG00099/sup5.0.0_5mCG_5hmCG/12_09_24_R1041_UL_HPRC_HG00099_1_dorado0.9.5_sup5.0.0_5mCG_5hmCG.bam
HG00106	s3://human-pangenomics/submissions/F673CD5D-9552-4CFC-8BE7-650A71CC5BF4--UCSC_HPRC_nanopore_Year4/HG00106/dorado0.6.0_sup4.3.0_5mCG_5hmCG/09_06_23_R1041_HPRC_HG00106_2_dorado0.6.0_sup4.3.0_5mCG_5hmCG.bam
HG00116	s3://human-pangenomics/submissions/9E0E2B11-B819-407A-8033-14F08DE9F019--UCSC_HPRC_nanopore_Year5/HG00116/sup5.0.0_5mCG_5hmCG/12_09_24_R1041_UL_HPRC_HG00116_1_dorado1.1.1_sup5.0.0_5mCG_5hmCG.bam
HG00117	s3://human-pangenomics/submissions/F673CD5D-9552-4CFC-8BE7-650A71CC5BF4--UCSC_HPRC_nanopore_Year4/HG00117/dorado0.6.0_sup4.3.0_5mCG_5hmCG/09_06_23_R1041_HPRC_HG00117_2_dorado0.6.0_sup4.3.0_5mCG_5hmCG.bam
HG00119	s3://human-pangenomics/submissions/9E0E2B11-B819-407A-8033-14F08DE9F019--UCSC_HPRC_nanopore_Year5/HG00119/sup5.0.0_5mCG_5hmCG/10_07_24_R1041_UL_HPRC_HG00119_1_dorado0.9.1_sup5.0.0_5mCG_5hmCG.bam
HG00120	s3://human-pangenomics/submissions/9E0E2B11-B819-407A-8033-14F08DE9F019--UCSC_HPRC_nanopore_Year5/HG00120/sup5.0.0_5mCG_5hmCG/10_21_24_R1041_UL_HPRC_HG00120_2_dorado1.1.1_sup5.0.0_5mCG_5hmCG.bam
HG00126	s3://human-pangenomics/submissions/F673CD5D-9552-4CFC-8BE7-650A71CC5BF4--UCSC_HPRC_nanopore_Year4/HG00126/dorado0.6.0_sup4.3.0_5mCG_5hmCG/08_29_23_R1041_HPRC_HG00126_1_dorado0.6.0_sup4.3.0_5mCG_5hmCG.bam
HG00128	s3://human-pangenomics/submissions/F673CD5D-9552-4CFC-8BE7-650A71CC5BF4--UCSC_HPRC_nanopore_Year4/HG00128/dorado0.6.0_sup4.3.0_5mCG_5hmCG/11_7_23_R1041_HPRC_HG00128_3_dorado0.6.0_sup4.3.0_5mCG_5hmCG.bam
HG00133	s3://human-pangenomics/submissions/F673CD5D-9552-4CFC-8BE7-650A71CC5BF4--UCSC_HPRC_nanopore_Year4/HG00133/dorado0.6.0_sup4.3.0_5mCG_5hmCG/08_29_23_R1041_HPRC_HG00133_1_dorado0.6.0_sup4.3.0_5mCG_5hmCG.bam
HG00140	s3://human-pangenomics/submissions/9C2CC113-CBD3-47C7-B741-37550879BA49--UCSC_HPRC_NANOPORE_YEAR3_R10/HG00140/sup5.0.0_5mCG_5hmCG/11_12_24_R1041_UL_HPRC_HG00140_1_dorado0.9.1_sup5.0.0_5mCG_5hmCG.bam
HG00146	s3://human-pangenomics/submissions/F673CD5D-9552-4CFC-8BE7-650A71CC5BF4--UCSC_HPRC_nanopore_Year4/HG00146/dorado0.6.0_sup4.3.0_5mCG_5hmCG/01_23_24_R1041_HPRC_HG00146_1_dorado0.6.0_sup4.3.0_5mCG_5hmCG.bam
HG00150	s3://human-pangenomics/submissions/9E0E2B11-B819-407A-8033-14F08DE9F019--UCSC_HPRC_nanopore_Year5/HG00150/sup5.0.0_5mCG_5hmCG/04_30_24_R1041_UL_HPRC_HG00150_3_dorado0.9.1_sup5.0.0_5mCG_5hmCG.bam
HG00171	s3://human-pangenomics/submissions/26FA1FCF-1B37-44B7-8B4B-736C227429BA--UCSC_HGSVC_ONT_R10/HG00171/basecalled/04_28_25_R1041_UL_HGSVC_HG00171_1_dorado0.9.1_supv5.0.0_5mCG_5hmCG.bam
HG00232	s3://human-pangenomics/submissions/F673CD5D-9552-4CFC-8BE7-650A71CC5BF4--UCSC_HPRC_nanopore_Year4/HG00232/dorado0.6.0_sup4.3.0_5mCG_5hmCG/01_23_24_R1041_HPRC_HG00232_2_dorado0.6.0_sup4.3.0_5mCG_5hmCG.bam
HG00234	s3://human-pangenomics/submissions/9E0E2B11-B819-407A-8033-14F08DE9F019--UCSC_HPRC_nanopore_Year5/HG00234/sup5.0.0_5mCG_5hmCG/10_14_24_R1041_UL_HPRC_HG00234_1_dorado0.9.1_sup5.0.0_5mCG_5hmCG.bam
HG00235	s3://human-pangenomics/submissions/F673CD5D-9552-4CFC-8BE7-650A71CC5BF4--UCSC_HPRC_nanopore_Year4/HG00235/dorado0.6.0_sup4.3.0_5mCG_5hmCG/01_16_24_R1041_HPRC_HG00235_2_dorado0.6.0_sup4.3.0_5mCG_5hmCG.bam
HG00236	s3://human-pangenomics/submissions/9E0E2B11-B819-407A-8033-14F08DE9F019--UCSC_HPRC_nanopore_Year5/HG00236/sup5.0.0_5mCG_5hmCG/10_21_24_R1041_UL_HPRC_HG00236_1_dorado0.9.1_sup5.0.0_5mCG_5hmCG.bam
HG00243	s3://human-pangenomics/submissions/F673CD5D-9552-4CFC-8BE7-650A71CC5BF4--UCSC_HPRC_nanopore_Year4/HG00243/dorado0.6.0_sup4.3.0_5mCG_5hmCG/10_31_23_R1041_HPRC_HG00243_1_dorado0.6.0_sup4.3.0_5mCG_5hmCG.bam
HG00245	s3://human-pangenomics/submissions/9E0E2B11-B819-407A-8033-14F08DE9F019--UCSC_HPRC_nanopore_Year5/HG00245/sup5.0.0_5mCG_5hmCG/10_21_24_R1041_UL_HPRC_HG00245_1_dorado0.9.1_sup5.0.0_5mCG_5hmCG.bam
HG00252	s3://human-pangenomics/submissions/9E0E2B11-B819-407A-8033-14F08DE9F019--UCSC_HPRC_nanopore_Year5/HG00252/sup5.0.0_5mCG_5hmCG/12_09_24_R1041_UL_HPRC_HG00252_1_dorado1.1.1_sup5.0.0_5mCG_5hmCG.bam
HG00253	s3://human-pangenomics/submissions/F673CD5D-9552-4CFC-8BE7-650A71CC5BF4--UCSC_HPRC_nanopore_Year4/HG00253/dorado0.6.0_sup4.3.0_5mCG_5hmCG/01_16_24_R1041_HPRC_HG00253_3_dorado0.6.0_sup4.3.0_5mCG_5hmCG.bam
HG00254	s3://human-pangenomics/submissions/9E0E2B11-B819-407A-8033-14F08DE9F019--UCSC_HPRC_nanopore_Year5/HG00254/sup5.0.0_5mCG_5hmCG/10_21_24_R1041_UL_HPRC_HG00254_1_dorado0.9.1_sup5.0.0_5mCG_5hmCG.bam
HG00258	s3://human-pangenomics/submissions/5AF50F52-A2F1-42E4-8345-1ABF33FA96DD--HPRC_25X_100KB_TOPUP/HG00258/02_16_26_R1041_UL_HPRC_HG00258_1_dorado1.4.0_sup5.2.0_5mCG_5hmCG.bam
HG00268	s3://human-pangenomics/submissions/26FA1FCF-1B37-44B7-8B4B-736C227429BA--UCSC_HGSVC_ONT_R10/HG00268/basecalled/06_02_25_R1041_UL_HGSVC_HG00268_1_dorado1.0.0_supv5.0.0_5mCG_5hmCG.bam
HG00272	s3://human-pangenomics/submissions/F673CD5D-9552-4CFC-8BE7-650A71CC5BF4--UCSC_HPRC_nanopore_Year4/HG00272/dorado0.6.0_sup4.3.0_5mCG_5hmCG/08_08_23_R1041_HPRC_HG00272_1_dorado0.6.0_sup4.3.0_5mCG_5hmCG.bam
HG00280	s3://human-pangenomics/submissions/9C2CC113-CBD3-47C7-B741-37550879BA49--UCSC_HPRC_NANOPORE_YEAR3_R10/HG00280/sup5.0.0_5mCG_5hmCG/11_18_24_R1041_UL_HPRC_HG00280_1_dorado0.9.1_sup5.0.0_5mCG_5hmCG.bam
HG00290	s3://human-pangenomics/submissions/F673CD5D-9552-4CFC-8BE7-650A71CC5BF4--UCSC_HPRC_nanopore_Year4/HG00290/dorado0.6.0_sup4.3.0_5mCG_5hmCG/01_23_24_R1041_HPRC_HG00290_1_dorado0.6.0_sup4.3.0_5mCG_5hmCG.bam
HG00320	s3://human-pangenomics/submissions/F673CD5D-9552-4CFC-8BE7-650A71CC5BF4--UCSC_HPRC_nanopore_Year4/HG00320/dorado0.6.0_sup4.3.0_5mCG_5hmCG/12_12_23_R1041_HPRC_HG00320_2_dorado0.6.0_sup4.3.0_5mCG_5hmCG.bam
HG00321	s3://human-pangenomics/submissions/F673CD5D-9552-4CFC-8BE7-650A71CC5BF4--UCSC_HPRC_nanopore_Year4/HG00321/dorado0.6.0_sup4.3.0_5mCG_5hmCG/01_16_24_R1041_HPRC_HG00321_2_dorado0.6.0_sup4.3.0_5mCG_5hmCG.bam
HG00323	s3://human-pangenomics/submissions/9C2CC113-CBD3-47C7-B741-37550879BA49--UCSC_HPRC_NANOPORE_YEAR3_R10/HG00323/sup5.0.0_5mCG_5hmCG/11_04_24_R1041_UL_HPRC_HG00323_2_dorado0.9.1_sup5.0.0_5mCG_5hmCG.bam
HG00329	s3://human-pangenomics/submissions/F673CD5D-9552-4CFC-8BE7-650A71CC5BF4--UCSC_HPRC_nanopore_Year4/HG00329/dorado0.6.0_sup4.3.0_5mCG_5hmCG/10_24_23_R1041_HPRC_HG00329_3_dorado0.6.0_sup4.3.0_5mCG_5hmCG.bam
HG00344	s3://human-pangenomics/submissions/F673CD5D-9552-4CFC-8BE7-650A71CC5BF4--UCSC_HPRC_nanopore_Year4/HG00344/dorado0.6.0_sup4.3.0_5mCG_5hmCG/10_31_23_R1041_HPRC_HG00344_1_dorado0.6.0_sup4.3.0_5mCG_5hmCG.bam
HG00350	s3://human-pangenomics/submissions/F673CD5D-9552-4CFC-8BE7-650A71CC5BF4--UCSC_HPRC_nanopore_Year4/HG00350/dorado0.6.0_sup4.3.0_5mCG_5hmCG/10_24_23_R1041_HPRC_HG00350_3_dorado0.6.0_sup4.3.0_5mCG_5hmCG.bam
HG00355	s3://human-pangenomics/submissions/9E0E2B11-B819-407A-8033-14F08DE9F019--UCSC_HPRC_nanopore_Year5/HG00355/sup5.0.0_5mCG_5hmCG/10_21_24_R1041_UL_HPRC_HG00355_1_dorado0.9.1_sup5.0.0_5mCG_5hmCG.bam
HG00375	s3://human-pangenomics/submissions/9E0E2B11-B819-407A-8033-14F08DE9F019--UCSC_HPRC_nanopore_Year5/HG00375/sup5.0.0_5mCG_5hmCG/10_21_24_R1041_UL_HPRC_HG00375_1_dorado0.9.1_sup5.0.0_5mCG_5hmCG.bam
HG00384	s3://human-pangenomics/submissions/F673CD5D-9552-4CFC-8BE7-650A71CC5BF4--UCSC_HPRC_nanopore_Year4/HG00384/dorado0.6.0_sup4.3.0_5mCG_5hmCG/10_24_23_R1041_HPRC_HG00384_3_dorado0.6.0_sup4.3.0_5mCG_5hmCG.bam
HG00408	s3://human-pangenomics/submissions/9C2CC113-CBD3-47C7-B741-37550879BA49--UCSC_HPRC_NANOPORE_YEAR3_R10/HG00408/sup5.0.0_5mCG_5hmCG/11_04_24_R1041_UL_HPRC_HG00408_1_dorado0.9.1_sup5.0.0_5mCG_5hmCG.bam
HG00423	s3://human-pangenomics/submissions/BA2424FF-069C-4954-B908-90DF6D731487--UCSC_HPRC_NANOPORE_YEAR2_R10/HG00423/basecalled/05_12_25_R1041_UL_HPRC_HG00423_2_dorado1.0.0_supv5.2.0.bam
HG00438	s3://human-pangenomics/submissions/5ECA1D3E-1C37-44B7-BA20-576417F786F0--UCSC_HPRC_ONT_YEAR1_FIBERSEQ/HG00438/dorado0.8.1_sup5.0.0_5mCG_5hmCG_6mA/09_30_24_R1041_FiberSeq_HPRC_HG00438_1_dorado0.8.1_sup5.0.0_5mCG_5hmCG_6mA.bam
HG00512	s3://human-pangenomics/submissions/26FA1FCF-1B37-44B7-8B4B-736C227429BA--UCSC_HGSVC_ONT_R10/HG00512/basecalled/04_28_25_R1041_UL_HGSVC_HG00512_2_dorado0.9.1_supv5.0.0_5mCG_5hmCG.bam
HG00513	s3://human-pangenomics/submissions/26FA1FCF-1B37-44B7-8B4B-736C227429BA--UCSC_HGSVC_ONT_R10/HG00513/basecalled/05_19_25_R1041_UL_HGSVC_HG00513_1_dorado1.0.0_supv5.0.0_5mCG_5hmCG.bam
HG00544	s3://human-pangenomics/submissions/BA2424FF-069C-4954-B908-90DF6D731487--UCSC_HPRC_NANOPORE_YEAR2_R10/HG00544/sup5.0.0_5mCG_5hmCG/11_04_24_R1041_UL_HPRC_HG00544_1_dorado0.9.0_sup5.0.0_5mCG_5hmCG.bam
HG00558	s3://human-pangenomics/submissions/9C2CC113-CBD3-47C7-B741-37550879BA49--UCSC_HPRC_NANOPORE_YEAR3_R10/HG00558/sup5.0.0_5mCG_5hmCG/11_04_24_R1041_UL_HPRC_HG00558_1_dorado0.9.1_sup5.0.0_5mCG_5hmCG.bam
HG00580	s3://human-pangenomics/submissions/9E0E2B11-B819-407A-8033-14F08DE9F019--UCSC_HPRC_nanopore_Year5/HG00580/sup5.0.0_5mCG_5hmCG/10_21_24_R1041_UL_HPRC_HG00580_1_dorado0.9.1_sup5.0.0_5mCG_5hmCG.bam
HG00584	s3://human-pangenomics/submissions/9E0E2B11-B819-407A-8033-14F08DE9F019--UCSC_HPRC_nanopore_Year5/HG00584/sup5.0.0_5mCG_5hmCG/10_21_24_R1041_UL_HPRC_HG00584_1_dorado0.9.1_sup5.0.0_5mCG_5hmCG.bam
HG00597	s3://human-pangenomics/submissions/9C2CC113-CBD3-47C7-B741-37550879BA49--UCSC_HPRC_NANOPORE_YEAR3_R10/HG00597/sup5.0.0_5mCG_5hmCG/12_02_24_R1041_UL_HPRC_HG00597_1_dorado0.9.1_sup5.0.0_5mCG_5hmCG.bam
HG00609	s3://human-pangenomics/submissions/5ECA1D3E-1C37-44B7-BA20-576417F786F0--UCSC_HPRC_ONT_YEAR1_FIBERSEQ/HG00609/03_16_26_R1041_UL_HPRCFiberSeq_HG00609_1_dorado1.4.0_sup5.2.0_5mCG_5hmCG_6mA.bam
HG00621	s3://human-pangenomics/submissions/5ECA1D3E-1C37-44B7-BA20-576417F786F0--UCSC_HPRC_ONT_YEAR1_FIBERSEQ/HG00621/dorado1.1.1_sup5.2.0_5mCG_5hmCG_6mA/04_07_25_R1041_UL_HPRCFiberSeq_HG00621_1_dorado1.1.1_sup5.2.0_5mCG_5hmCG_6mA.bam
HG00639	s3://human-pangenomics/submissions/5ECA1D3E-1C37-44B7-BA20-576417F786F0--UCSC_HPRC_ONT_YEAR1_FIBERSEQ/HG00639/01_12_26_R1041_UL_HPRCFiberSeq_HG00639_1_dorado1.3.1_sup5.2.0_5mCG_5hmCG_6mA.bam
HG00642	s3://human-pangenomics/submissions/5ECA1D3E-1C37-44B7-BA20-576417F786F0--UCSC_HPRC_ONT_YEAR1_FIBERSEQ/HG00642/01_12_26_R1041_UL_HPRCFiberSeq_HG00642_1_dorado1.3.1_sup5.2.0_5mCG_5hmCG_6mA.bam
HG00658	s3://human-pangenomics/submissions/9C2CC113-CBD3-47C7-B741-37550879BA49--UCSC_HPRC_NANOPORE_YEAR3_R10/HG00658/sup5.0.0_5mCG_5hmCG/11_18_24_R1041_UL_HPRC_HG00658_1_dorado1.1.1_sup5.0.0_5mCG_5hmCG.bam
HG00662	s3://human-pangenomics/submissions/F673CD5D-9552-4CFC-8BE7-650A71CC5BF4--UCSC_HPRC_nanopore_Year4/HG00662/dorado0.6.0_sup4.3.0_5mCG_5hmCG/08_29_23_R1041_HPRC_HG00662_2_dorado0.6.0_sup4.3.0_5mCG_5hmCG.bam
HG00673	s3://human-pangenomics/submissions/5ECA1D3E-1C37-44B7-BA20-576417F786F0--UCSC_HPRC_ONT_YEAR1_FIBERSEQ/HG00673/dorado1.1.1_sup5.2.0_5mCG_5hmCG_6mA/03_17_25_R1041_UL_HPRCFiberSeq_HG00673_1_dorado1.1.1_sup5.2.0_5mCG_5hmCG_6mA.bam
HG00689	s3://human-pangenomics/submissions/9E0E2B11-B819-407A-8033-14F08DE9F019--UCSC_HPRC_nanopore_Year5/HG00689/sup5.0.0_5mCG_5hmCG/10_21_24_R1041_UL_HPRC_HG00689_1_dorado0.9.1_sup5.0.0_5mCG_5hmCG.bam
HG00701	s3://human-pangenomics/submissions/F673CD5D-9552-4CFC-8BE7-650A71CC5BF4--UCSC_HPRC_nanopore_Year4/HG00701/dorado0.6.0_sup4.3.0_5mCG_5hmCG/10_10_23_R1041_HPRC_HG00701_6_dorado0.6.0_sup4.3.0_5mCG_5hmCG.bam
HG00706	s3://human-pangenomics/submissions/BA2424FF-069C-4954-B908-90DF6D731487--UCSC_HPRC_NANOPORE_YEAR2_R10/HG00706/sup5.0.0_5mCG_5hmCG/11_12_24_R1041_UL_HPRC_HG00706_1_dorado0.9.0_sup5.0.0_5mCG_5hmCG.bam
HG00733	s3://human-pangenomics/submissions/0ABE6352-37DD-4158-8EE1-877D03B09A25--UCSC_HPRC_PLUS_nanopore_R10/HG00733/basecalled/08_18_2025_R1041_UL_HPRCPLUS_HG00733_1_dorado1.0.0_supv5.2.0_5mCG_5hmCG.bam
HG00735	s3://human-pangenomics/submissions/5ECA1D3E-1C37-44B7-BA20-576417F786F0--UCSC_HPRC_ONT_YEAR1_FIBERSEQ/HG00735/dorado1.1.1_sup5.2.0_5mCG_5hmCG_6mA/04_07_25_R1041_UL_HPRCFiberSeq_HG00735_1_dorado1.1.1_sup5.2.0_5mCG_5hmCG_6mA.bam
HG00738	s3://human-pangenomics/submissions/af72481e-745c-4dfc-9824-87cd5de9a847--UCSC_PromPlus/05_04_26_PRO114P_UL_HPRC_HG00738_1_dorado1.4.0_dna_r10.4.1_e8.2_400bps_hac@2025-11-06_PRO114P.bam
HG00741	s3://human-pangenomics/submissions/5ECA1D3E-1C37-44B7-BA20-576417F786F0--UCSC_HPRC_ONT_YEAR1_FIBERSEQ/HG00741/dorado1.1.1_sup5.2.0_5mCG_5hmCG_6mA/04_07_25_R1041_UL_HPRCFiberSeq_HG00741_1_dorado1.1.1_sup5.2.0_5mCG_5hmCG_6mA.bam
HG00864	s3://human-pangenomics/submissions/26FA1FCF-1B37-44B7-8B4B-736C227429BA--UCSC_HGSVC_ONT_R10/HG00864/basecalled/04_28_25_R1041_UL_HGSVC_HG00864_2_dorado0.9.1_supv5.0.0_5mCG_5hmCG.bam
HG00867	s3://human-pangenomics/submissions/F673CD5D-9552-4CFC-8BE7-650A71CC5BF4--UCSC_HPRC_nanopore_Year4/HG00867/dorado0.6.0_sup4.3.0_5mCG_5hmCG/11_7_23_R1041_HPRC_HG00867_2_dorado0.6.0_sup4.3.0_5mCG_5hmCG.bam
HG01028	s3://human-pangenomics/submissions/F673CD5D-9552-4CFC-8BE7-650A71CC5BF4--UCSC_HPRC_nanopore_Year4/HG01028/dorado0.6.0_sup4.3.0_5mCG_5hmCG/09_12_23_R1041_HPRC_HG01028_3_dorado0.6.0_sup4.3.0_5mCG_5hmCG.bam
HG01048	s3://human-pangenomics/submissions/F673CD5D-9552-4CFC-8BE7-650A71CC5BF4--UCSC_HPRC_nanopore_Year4/HG01048/dorado0.6.0_sup4.3.0_5mCG_5hmCG/01_23_24_R1041_HPRC_HG01048_1_dorado0.6.0_sup4.3.0_5mCG_5hmCG.bam
HG01067	s3://human-pangenomics/submissions/9E0E2B11-B819-407A-8033-14F08DE9F019--UCSC_HPRC_nanopore_Year5/HG01067/sup5.0.0_5mCG_5hmCG/12_09_24_R1041_UL_HPRC_HG01067_2_dorado0.9.1_sup5.0.0_5mCG_5hmCG.bam
HG01071	s3://human-pangenomics/submissions/5ECA1D3E-1C37-44B7-BA20-576417F786F0--UCSC_HPRC_ONT_YEAR1_FIBERSEQ/HG01071/dorado1.1.1_sup5.2.0_5mCG_5hmCG_6mA/04_07_25_R1041_UL_HPRCFiberSeq_HG01071_1_dorado1.1.1_sup5.2.0_5mCG_5hmCG_6mA.bam
HG01074	s3://human-pangenomics/submissions/9C2CC113-CBD3-47C7-B741-37550879BA49--UCSC_HPRC_NANOPORE_YEAR3_R10/HG01074/sup5.0.0_5mCG_5hmCG/12_02_24_R1041_UL_HPRC_HG01074_1_dorado0.9.1_sup5.0.0_5mCG_5hmCG.bam
HG01081	s3://human-pangenomics/submissions/5ECA1D3E-1C37-44B7-BA20-576417F786F0--UCSC_HPRC_ONT_YEAR1_FIBERSEQ/HG01081/basecalled/12_08_25_R1041_UL_HPRCFiberSeq_HG01081_1_dorado1.3.0_supv5.2.0_5mCG_5hmCG_6mA.bam
HG01099	s3://human-pangenomics/submissions/BA2424FF-069C-4954-B908-90DF6D731487--UCSC_HPRC_NANOPORE_YEAR2_R10/HG01099/sup5.0.0_5mCG_5hmCG/11_12_24_R1041_UL_HPRC_HG01099_2_dorado0.9.5_sup5.0.0_5mCG_5hmCG.bam
HG01106	s3://human-pangenomics/submissions/5ECA1D3E-1C37-44B7-BA20-576417F786F0--UCSC_HPRC_ONT_YEAR1_FIBERSEQ/HG01106/dorado1.1.1_sup5.2.0_5mCG_5hmCG_6mA/03_31_25_R1041_UL_HPRCFiberSeq_HG01106_dorado1.1.1_sup5.2.0_5mCG_5hmCG_6mA.bam
HG01109	s3://human-pangenomics/submissions/0ABE6352-37DD-4158-8EE1-877D03B09A25--UCSC_HPRC_PLUS_nanopore_R10/HG01109/basecalled/08_18_2025_R1041_UL_HPRCPLUS_HG01109_1_dorado1.0.0_supv5.2.0_5mCG_5hmCG.bam
HG01114	s3://human-pangenomics/submissions/26FA1FCF-1B37-44B7-8B4B-736C227429BA--UCSC_HGSVC_ONT_R10/HG01114/basecalled/04_28_25_R1041_UL_HGSVC_HG01114_1_dorado0.9.1_supv5.0.0_5mCG_5hmCG.bam
HG01123	s3://human-pangenomics/submissions/35D08EDD-61EA-48F9-8055-3592D532CD5F--UCSC_HPRC_ONT_Year1_R10/HG01123/basecalled/08_26_24_R1041_UL_HPRC_HG01123_1_dorado1.0.0_sup5.0.0_5mCG_5hmCG.bam
HG01136	s3://human-pangenomics/submissions/9E0E2B11-B819-407A-8033-14F08DE9F019--UCSC_HPRC_nanopore_Year5/HG01136/sup5.0.0_5mCG_5hmCG/10_21_24_R1041_UL_HPRC_HG01136_1_dorado0.9.1_sup5.0.0_5mCG_5hmCG.bam
HG01138	s3://human-pangenomics/submissions/35D08EDD-61EA-48F9-8055-3592D532CD5F--UCSC_HPRC_ONT_Year1_R10/HG01138/basecalled/08_26_24_R1041_UL_HPRC_HG01138_1_dorado1.0.0_sup5.0.0_5mCG_5hmCG.bam
HG01150	s3://human-pangenomics/submissions/5ECA1D3E-1C37-44B7-BA20-576417F786F0--UCSC_HPRC_ONT_YEAR1_FIBERSEQ/HG01150/basecalled/12_08_25_R1041_UL_HPRCFiberSeq_HG01150_1_dorado1.3.0_supv5.2.0_5mCG_5hmCG_6mA.bam
HG01167	s3://human-pangenomics/submissions/F673CD5D-9552-4CFC-8BE7-650A71CC5BF4--UCSC_HPRC_nanopore_Year4/HG01167/dorado0.6.0_sup4.3.0_5mCG_5hmCG/08_29_23_R1041_HPRC_HG01167_3_dorado0.6.0_sup4.3.0_5mCG_5hmCG.bam
HG01175	s3://human-pangenomics/submissions/5ECA1D3E-1C37-44B7-BA20-576417F786F0--UCSC_HPRC_ONT_YEAR1_FIBERSEQ/HG01175/dorado0.8.1_sup5.0.0_5mCG_5hmCG_6mA/09_30_24_R1041_FiberSeq_HPRC_HG01175_1_dorado0.8.1_sup5.0.0_5mCG_5hmCG_6mA.bam
HG01176	s3://human-pangenomics/submissions/9E0E2B11-B819-407A-8033-14F08DE9F019--UCSC_HPRC_nanopore_Year5/HG01176/sup5.0.0_5mCG_5hmCG/10_15_24_R1041_UL_HPRC_HG01176_2_dorado0.9.1_sup5.0.0_5mCG_5hmCG.bam
HG01192	s3://human-pangenomics/submissions/5ECA1D3E-1C37-44B7-BA20-576417F786F0--UCSC_HPRC_ONT_YEAR1_FIBERSEQ/HG01192/02_16_26_R1041_UL_HPRCFiberSeq_HG01192_1_dorado1.4.0_sup5.2.0_5mCG_5hmCG_6mA.bam
HG01204	s3://human-pangenomics/submissions/9E0E2B11-B819-407A-8033-14F08DE9F019--UCSC_HPRC_nanopore_Year5/HG01204/sup5.0.0_5mCG_5hmCG/10_07_24_R1041_UL_HPRC_HG01204_1_dorado0.9.1_sup5.0.0_5mCG_5hmCG.bam
HG01243	s3://human-pangenomics/submissions/0ABE6352-37DD-4158-8EE1-877D03B09A25--UCSC_HPRC_PLUS_nanopore_R10/HG01243/basecalled/07_21_25_R1041_UL_HPRCPLUS_HG01243_1_dorado1.0.0_supv5.2.0_5mCG_5hmCG.bam
HG01248	s3://human-pangenomics/submissions/F673CD5D-9552-4CFC-8BE7-650A71CC5BF4--UCSC_HPRC_nanopore_Year4/HG01248/dorado0.6.0_sup4.3.0_5mCG_5hmCG/10_24_23_R1041_HPRC_HG01248_3_dorado0.6.0_sup4.3.0_5mCG_5hmCG.bam
HG01252	s3://human-pangenomics/submissions/5ECA1D3E-1C37-44B7-BA20-576417F786F0--UCSC_HPRC_ONT_YEAR1_FIBERSEQ/HG01252/basecalled/12_15_25_R1041_UL_HPRCFiberSeq_HG01252_1_dorado1.3.0_supv5.2.0_5mCG_5hmCG_6mA.bam
HG01255	s3://human-pangenomics/submissions/5ECA1D3E-1C37-44B7-BA20-576417F786F0--UCSC_HPRC_ONT_YEAR1_FIBERSEQ/HG01255/01_26_26_R1041_UL_HPRCFiberSeq_HG01255_1_dorado1.4.0_sup5.2.0_5mCG_5hmCG_6mA.bam
HG01258	s3://human-pangenomics/submissions/35D08EDD-61EA-48F9-8055-3592D532CD5F--UCSC_HPRC_ONT_Year1_R10/HG01258/basecalled/08_26_24_R1041_UL_HPRC_HG01258_1_dorado1.0.0_sup5.0.0_5mCG_5hmCG.bam
HG01261	s3://human-pangenomics/submissions/5ECA1D3E-1C37-44B7-BA20-576417F786F0--UCSC_HPRC_ONT_YEAR1_FIBERSEQ/HG01261/01_12_26_R1041_UL_HPRCFiberSeq_HG01261_1_dorado1.3.1_sup5.2.0_5mCG_5hmCG_6mA.bam
HG01346	s3://human-pangenomics/submissions/5ECA1D3E-1C37-44B7-BA20-576417F786F0--UCSC_HPRC_ONT_YEAR1_FIBERSEQ/HG01346/02_16_26_R1041_UL_HPRCFiberSeq_HG01346_1_dorado1.4.0_sup5.2.0_5mCG_5hmCG_6mA.bam
HG01352	s3://human-pangenomics/submissions/26FA1FCF-1B37-44B7-8B4B-736C227429BA--UCSC_HGSVC_ONT_R10/HG01352/basecalled/05_19_25_R1041_UL_HGSVC_HG01352_2_dorado1.0.0_supv5.0.0_5mCG_5hmCG.bam
HG01358	s3://human-pangenomics/submissions/5ECA1D3E-1C37-44B7-BA20-576417F786F0--UCSC_HPRC_ONT_YEAR1_FIBERSEQ/HG01358/dorado1.1.1_sup5.2.0_5mCG_5hmCG_6mA/04_07_25_R1041_UL_HPRCFiberSeq_HG01358_1_dorado1.1.1_sup5.2.0_5mCG_5hmCG_6mA.bam
HG01361	s3://human-pangenomics/submissions/35D08EDD-61EA-48F9-8055-3592D532CD5F--UCSC_HPRC_ONT_Year1_R10/HG01361/basecalled/08_26_24_R1041_UL_HPRC_HG01361_1_dorado1.0.0_sup5.0.0_5mCG_5hmCG.bam
HG01374	s3://human-pangenomics/submissions/9E0E2B11-B819-407A-8033-14F08DE9F019--UCSC_HPRC_nanopore_Year5/HG01374/sup5.0.0_5mCG_5hmCG/10_21_24_R1041_UL_HPRC_HG01374_1_dorado0.9.1_sup5.0.0_5mCG_5hmCG.bam
HG01433	s3://human-pangenomics/submissions/5ECA1D3E-1C37-44B7-BA20-576417F786F0--UCSC_HPRC_ONT_YEAR1_FIBERSEQ/HG01433/01_26_26_R1041_UL_HPRCFiberSeq_HG01433_1_dorado1.4.0_sup5.2.0_5mCG_5hmCG_6mA.bam
HG01442	s3://human-pangenomics/submissions/0ABE6352-37DD-4158-8EE1-877D03B09A25--UCSC_HPRC_PLUS_nanopore_R10/HG01442/basecalled/08_25_25_R1041_UL_HPRCPLUS_HG01442_1_dorado1.0.0_supv5.2.0_5mCG_5hmCG.bam
HG01479	s3://human-pangenomics/submissions/9E0E2B11-B819-407A-8033-14F08DE9F019--UCSC_HPRC_nanopore_Year5/HG01479/sup5.0.0_5mCG_5hmCG/10_28_24_R1041_UL_HPRC_HG01479_1_dorado0.9.1_sup5.0.0_5mCG_5hmCG.bam
HG01496	s3://human-pangenomics/submissions/BA2424FF-069C-4954-B908-90DF6D731487--UCSC_HPRC_NANOPORE_YEAR2_R10/HG01496/sup5.0.0_5mCG_5hmCG/12_09_24_R1041_UL_HPRC_HG01496_1_dorado0.9.5_sup5.0.0_5mCG_5hmCG.bam
HG01505	s3://human-pangenomics/submissions/26FA1FCF-1B37-44B7-8B4B-736C227429BA--UCSC_HGSVC_ONT_R10/HG01505/basecalled/04_28_25_R1041_UL_HGSVC_HG01505_2_dorado0.9.1_supv5.0.0_5mCG_5hmCG.bam
HG01516	s3://human-pangenomics/submissions/9E0E2B11-B819-407A-8033-14F08DE9F019--UCSC_HPRC_nanopore_Year5/HG01516/sup5.0.0_5mCG_5hmCG/12_09_24_R1041_UL_HPRC_HG01516_1_dorado1.1.1_sup5.0.0_5mCG_5hmCG.bam
HG01522	s3://human-pangenomics/submissions/9E0E2B11-B819-407A-8033-14F08DE9F019--UCSC_HPRC_nanopore_Year5/HG01522/sup5.0.0_5mCG_5hmCG/10_21_24_R1041_UL_HPRC_HG01522_1_dorado0.9.1_sup5.0.0_5mCG_5hmCG.bam
HG01530	s3://human-pangenomics/submissions/9C2CC113-CBD3-47C7-B741-37550879BA49--UCSC_HPRC_NANOPORE_YEAR3_R10/HG01530/sup5.0.0_5mCG_5hmCG/12_02_24_R1041_UL_HPRC_HG01530_1_dorado0.9.1_sup5.0.0_5mCG_5hmCG.bam
HG01573	s3://human-pangenomics/submissions/26FA1FCF-1B37-44B7-8B4B-736C227429BA--UCSC_HGSVC_ONT_R10/HG01573/basecalled/06_02_25_R1041_UL_HGSVC_HG01573_1_dorado1.0.0_supv5.0.0_5mCG_5hmCG.bam
HG01596	s3://human-pangenomics/submissions/26FA1FCF-1B37-44B7-8B4B-736C227429BA--UCSC_HGSVC_ONT_R10/HG01596/basecalled/05_19_25_R1041_UL_HGSVC_HG01596_2_dorado1.0.0_supv5.0.0_5mCG_5hmCG.bam
HG01610	s3://human-pangenomics/submissions/9E0E2B11-B819-407A-8033-14F08DE9F019--UCSC_HPRC_nanopore_Year5/HG01610/sup5.0.0_5mCG_5hmCG/10_07_24_R1041_UL_HPRC_HG01610_1_dorado0.9.1_sup5.0.0_5mCG_5hmCG.bam
HG01624	s3://human-pangenomics/submissions/9E0E2B11-B819-407A-8033-14F08DE9F019--UCSC_HPRC_nanopore_Year5/HG01624/sup5.0.0_5mCG_5hmCG/10_15_24_R1041_UL_HPRC_HG01624_1_dorado0.9.1_sup5.0.0_5mCG_5hmCG.bam
HG01700	s3://human-pangenomics/submissions/9E0E2B11-B819-407A-8033-14F08DE9F019--UCSC_HPRC_nanopore_Year5/HG01700/sup5.0.0_5mCG_5hmCG/12_09_24_R1041_UL_HPRC_HG01700_1_dorado1.1.1_sup5.0.0_5mCG_5hmCG.bam
HG01766	s3://human-pangenomics/submissions/F673CD5D-9552-4CFC-8BE7-650A71CC5BF4--UCSC_HPRC_nanopore_Year4/HG01766/dorado0.6.0_sup4.3.0_5mCG_5hmCG/09_12_23_R1041_HPRC_HG01766_1_dorado0.6.0_sup4.3.0_5mCG_5hmCG.bam
HG01784	s3://human-pangenomics/submissions/9C2CC113-CBD3-47C7-B741-37550879BA49--UCSC_HPRC_NANOPORE_YEAR3_R10/HG01784/sup5.0.0_5mCG_5hmCG/12_02_24_R1041_UL_HPRC_HG01784_1_dorado0.9.1_sup5.0.0_5mCG_5hmCG.bam
HG01785	s3://human-pangenomics/submissions/F673CD5D-9552-4CFC-8BE7-650A71CC5BF4--UCSC_HPRC_nanopore_Year4/HG01785/dorado0.6.0_sup4.3.0_5mCG_5hmCG/08_08_23_R1041_HPRC_HG01785_3_dorado0.6.0_sup4.3.0_5mCG_5hmCG.bam
HG01786	s3://human-pangenomics/submissions/F673CD5D-9552-4CFC-8BE7-650A71CC5BF4--UCSC_HPRC_nanopore_Year4/HG01786/dorado0.6.0_sup4.3.0_5mCG_5hmCG/11_28_23_R1041_HPRC_HG01786_2_dorado0.6.0_sup4.3.0_5mCG_5hmCG.bam
HG01796	s3://human-pangenomics/submissions/9E0E2B11-B819-407A-8033-14F08DE9F019--UCSC_HPRC_nanopore_Year5/HG01796/sup5.0.0_5mCG_5hmCG/10_28_24_R1041_UL_HPRC_HG01796_1_dorado0.9.1_sup5.0.0_5mCG_5hmCG.bam
HG01798	s3://human-pangenomics/submissions/F673CD5D-9552-4CFC-8BE7-650A71CC5BF4--UCSC_HPRC_nanopore_Year4/HG01798/dorado0.6.0_sup4.3.0_5mCG_5hmCG/08_29_23_R1041_HPRC_HG01798_1_dorado0.6.0_sup4.3.0_5mCG_5hmCG.bam
HG01884	s3://human-pangenomics/submissions/BA2424FF-069C-4954-B908-90DF6D731487--UCSC_HPRC_NANOPORE_YEAR2_R10/HG01884/sup5.0.0_5mCG_5hmCG/12_02_24_R1041_UL_HPRC_HG01884_1_dorado0.9.0_sup5.0.0_5mCG_5hmCG.bam
HG01891	s3://human-pangenomics/submissions/5ECA1D3E-1C37-44B7-BA20-576417F786F0--UCSC_HPRC_ONT_YEAR1_FIBERSEQ/HG01891/dorado1.1.1_sup5.2.0_5mCG_5hmCG_6mA/04_07_25_R1041_UL_HPRCFiberSeq_HG01891_1_dorado1.1.1_sup5.2.0_5mCG_5hmCG_6mA.bam
HG01894	s3://human-pangenomics/submissions/F673CD5D-9552-4CFC-8BE7-650A71CC5BF4--UCSC_HPRC_nanopore_Year4/HG01894/dorado0.6.0_sup4.3.0_5mCG_5hmCG/10_10_23_R1041_HPRC_HG01894_2_dorado0.6.0_sup4.3.0_5mCG_5hmCG.bam
HG01928	s3://human-pangenomics/submissions/5ECA1D3E-1C37-44B7-BA20-576417F786F0--UCSC_HPRC_ONT_YEAR1_FIBERSEQ/HG01928/dorado1.1.1_sup5.2.0_5mCG_5hmCG_6mA/04_07_25_R1041_UL_HPRCFiberSeq_HG01928_1_dorado1.1.1_sup5.2.0_5mCG_5hmCG_6mA.bam
HG01934	s3://human-pangenomics/submissions/BA2424FF-069C-4954-B908-90DF6D731487--UCSC_HPRC_NANOPORE_YEAR2_R10/HG01934/sup5.0.0_5mCG_5hmCG/12_02_24_R1041_UL_HPRC_HG01934_2_dorado0.9.0_sup5.0.0_5mCG_5hmCG.bam
HG01940	s3://human-pangenomics/submissions/5ECA1D3E-1C37-44B7-BA20-576417F786F0--UCSC_HPRC_ONT_YEAR1_FIBERSEQ/HG01940/basecalled/12_15_25_R1041_UL_HPRCFiberSeq_HG01940_1_dorado1.3.0_supv5.2.0_5mCG_5hmCG_6mA.bam
HG01943	s3://human-pangenomics/submissions/BA2424FF-069C-4954-B908-90DF6D731487--UCSC_HPRC_NANOPORE_YEAR2_R10/HG01943/sup5.0.0_5mCG_5hmCG/12_09_24_R1041_UL_HPRC_HG01943_1_dorado0.9.5_sup5.0.0_5mCG_5hmCG.bam
HG01952	s3://human-pangenomics/submissions/5ECA1D3E-1C37-44B7-BA20-576417F786F0--UCSC_HPRC_ONT_YEAR1_FIBERSEQ/HG01952/dorado1.1.1_sup5.2.0_5mCG_5hmCG_6mA/03_31_25_R1041_UL_HPRCFiberSeq_HG01952_dorado1.1.1_sup5.2.0_5mCG_5hmCG_6mA.bam
HG01960	s3://human-pangenomics/submissions/5ECA1D3E-1C37-44B7-BA20-576417F786F0--UCSC_HPRC_ONT_YEAR1_FIBERSEQ/HG01960/basecalled/12_15_25_R1041_UL_HPRCFiberSeq_HG01960_1_dorado1.3.0_supv5.2.0_5mCG_5hmCG_6mA.bam
HG01969	s3://human-pangenomics/submissions/9C2CC113-CBD3-47C7-B741-37550879BA49--UCSC_HPRC_NANOPORE_YEAR3_R10/HG01969/sup5.0.0_5mCG_5hmCG/11_04_24_R1041_UL_HPRC_HG01969_1_dorado0.9.1_sup5.0.0_5mCG_5hmCG.bam
HG01975	s3://human-pangenomics/submissions/9C2CC113-CBD3-47C7-B741-37550879BA49--UCSC_HPRC_NANOPORE_YEAR3_R10/HG01975/sup5.0.0_5mCG_5hmCG/11_18_24_R1041_UL_HPRC_HG01975_1_dorado0.9.1_sup5.0.0_5mCG_5hmCG.bam
HG01978	s3://human-pangenomics/submissions/5ECA1D3E-1C37-44B7-BA20-576417F786F0--UCSC_HPRC_ONT_YEAR1_FIBERSEQ/HG01978/dorado1.1.1_sup5.2.0_5mCG_5hmCG_6mA/03_31_25_R1041_UL_HPRCFiberSeq_HG01978_dorado1.1.1_sup5.2.0_5mCG_5hmCG_6mA.bam
HG01981	s3://human-pangenomics/submissions/BA2424FF-069C-4954-B908-90DF6D731487--UCSC_HPRC_NANOPORE_YEAR2_R10/HG01981/sup5.0.0_5mCG_5hmCG/11_12_24_R1041_UL_HPRC_HG01981_2_dorado0.9.0_sup5.0.0_5mCG_5hmCG.bam
HG01993	s3://human-pangenomics/submissions/5ECA1D3E-1C37-44B7-BA20-576417F786F0--UCSC_HPRC_ONT_YEAR1_FIBERSEQ/HG01993/03_23_26_R1041_UL_HPRCFiberSeq_HG01993_1_dorado1.4.0_sup5.2.0_5mCG_5hmCG_6mA.bam
HG02004	s3://human-pangenomics/submissions/5ECA1D3E-1C37-44B7-BA20-576417F786F0--UCSC_HPRC_ONT_YEAR1_FIBERSEQ/HG02004/basecalled/12_08_25_R1041_UL_HPRCFiberSeq_HG02004_1_dorado1.3.0_supv5.2.0_5mCG_5hmCG_6mA.bam
HG02011	s3://human-pangenomics/submissions/26FA1FCF-1B37-44B7-8B4B-736C227429BA--UCSC_HGSVC_ONT_R10/HG02011/basecalled/05_19_25_R1041_UL_HGSVC_HG02011_2_dorado1.0.0_supv5.0.0_5mCG_5hmCG.bam
HG02015	s3://human-pangenomics/submissions/9C2CC113-CBD3-47C7-B741-37550879BA49--UCSC_HPRC_NANOPORE_YEAR3_R10/HG02015/sup5.0.0_5mCG_5hmCG/12_09_24_R1041_UL_HPRC_HG02015_1_dorado0.9.1_sup5.0.0_5mCG_5hmCG.bam
HG02018	s3://human-pangenomics/submissions/26FA1FCF-1B37-44B7-8B4B-736C227429BA--UCSC_HGSVC_ONT_R10/HG02018/basecalled/05_19_25_R1041_UL_HGSVC_HG02018_2_dorado1.0.0_supv5.0.0_5mCG_5hmCG.bam
HG02027	s3://human-pangenomics/submissions/BA2424FF-069C-4954-B908-90DF6D731487--UCSC_HPRC_NANOPORE_YEAR2_R10/HG02027/basecalled/06_23_25_R1041_UL_HPRC_HG02027_2_dorado1.0.0_supv5.2.0_5mCG_5hmCG.bam
HG02040	s3://human-pangenomics/submissions/9C2CC113-CBD3-47C7-B741-37550879BA49--UCSC_HPRC_NANOPORE_YEAR3_R10/HG02040/sup5.0.0_5mCG_5hmCG/11_18_24_R1041_UL_HPRC_HG02040_2_dorado0.9.1_sup5.0.0_5mCG_5hmCG.bam
HG02055	s3://human-pangenomics/submissions/0ABE6352-37DD-4158-8EE1-877D03B09A25--UCSC_HPRC_PLUS_nanopore_R10/HG02055/basecalled/09_29_25_R1041_UL_HPRCPLUS_HG02055_1_dorado1.1.1_supv5.2.0_5mCG_5hmCG.bam
HG02056	s3://human-pangenomics/submissions/9C2CC113-CBD3-47C7-B741-37550879BA49--UCSC_HPRC_NANOPORE_YEAR3_R10/HG02056/sup5.0.0_5mCG_5hmCG/11_18_24_R1041_UL_HPRC_HG02056_2_dorado0.9.1_sup5.0.0_5mCG_5hmCG.bam
HG02059	s3://human-pangenomics/submissions/26FA1FCF-1B37-44B7-8B4B-736C227429BA--UCSC_HGSVC_ONT_R10/HG02059/basecalled/05_19_25_R1041_UL_HGSVC_HG02059_2_dorado1.0.0_supv5.0.0_5mCG_5hmCG.bam
HG02071	s3://human-pangenomics/submissions/BA2424FF-069C-4954-B908-90DF6D731487--UCSC_HPRC_NANOPORE_YEAR2_R10/HG02071/sup5.0.0_5mCG_5hmCG/11_12_24_R1041_UL_HPRC_HG02071_1_dorado0.9.0_sup5.0.0_5mCG_5hmCG.bam
HG02074	s3://human-pangenomics/submissions/5AF50F52-A2F1-42E4-8345-1ABF33FA96DD--HPRC_25X_100KB_TOPUP/HG02074/02_16_26_R1041_UL_HPRC_HG02074_1_dorado1.4.0_sup5.2.0_5mCG_5hmCG.bam
HG02080	s3://human-pangenomics/submissions/0ABE6352-37DD-4158-8EE1-877D03B09A25--UCSC_HPRC_PLUS_nanopore_R10/HG02080/basecalled/08_18_2025_R1041_UL_HPRCPLUS_HG02080_2_dorado1.0.0_supv5.2.0_5mCG_5hmCG.bam
HG02083	s3://human-pangenomics/submissions/BA2424FF-069C-4954-B908-90DF6D731487--UCSC_HPRC_NANOPORE_YEAR2_R10/HG02083/basecalled/05_19_25_R1041_UL_HRPC_HG02083_1_dorado1.0.0_supv5.0.0_5mCG_5hmCG.bam
HG02106	s3://human-pangenomics/submissions/26FA1FCF-1B37-44B7-8B4B-736C227429BA--UCSC_HGSVC_ONT_R10/HG02106/basecalled/05_12_25_R1041_UL_HGSVC_HG02106_1_dorado1.0.0_supv5.0.0_5mCG_5hmCG.bam
HG02109	s3://human-pangenomics/submissions/0ABE6352-37DD-4158-8EE1-877D03B09A25--UCSC_HPRC_PLUS_nanopore_R10/HG02109/basecalled/07_21_25_R1041_UL_HPRCPLUS_HG02109_1_dorado1.0.0_supv5.2.0_5mCG_5hmCG.bam
HG02129	s3://human-pangenomics/submissions/9C2CC113-CBD3-47C7-B741-37550879BA49--UCSC_HPRC_NANOPORE_YEAR3_R10/HG02129/sup5.0.0_5mCG_5hmCG/11_04_24_R1041_UL_HPRC_HG02129_1_dorado0.9.1_sup5.0.0_5mCG_5hmCG.bam
HG02132	s3://human-pangenomics/submissions/BA2424FF-069C-4954-B908-90DF6D731487--UCSC_HPRC_NANOPORE_YEAR2_R10/HG02132/sup5.0.0_5mCG_5hmCG/12_02_24_R1041_UL_HPRC_HG02132_1_dorado0.9.0_sup5.0.0_5mCG_5hmCG.bam
HG02135	s3://human-pangenomics/submissions/BA2424FF-069C-4954-B908-90DF6D731487--UCSC_HPRC_NANOPORE_YEAR2_R10/HG02135/sup5.0.0_5mCG_5hmCG/11_18_24_R1041_UL_HPRC_HG02135_1_dorado0.9.0_sup5.0.0_5mCG_5hmCG.bam
HG02140	s3://human-pangenomics/submissions/9E0E2B11-B819-407A-8033-14F08DE9F019--UCSC_HPRC_nanopore_Year5/HG02140/sup5.0.0_5mCG_5hmCG/10_14_24_R1041_UL_HPRC_HG02140_2_dorado0.9.1_sup5.0.0_5mCG_5hmCG.bam
HG02145	s3://human-pangenomics/submissions/0ABE6352-37DD-4158-8EE1-877D03B09A25--UCSC_HPRC_PLUS_nanopore_R10/HG02145/basecalled/07_21_25_R1041_UL_HPRCPLUS_HG02145_1_dorado1.0.0_supv5.2.0_5mCG_5hmCG.bam
HG02148	s3://human-pangenomics/submissions/5ECA1D3E-1C37-44B7-BA20-576417F786F0--UCSC_HPRC_ONT_YEAR1_FIBERSEQ/HG02148/dorado0.8.1_sup5.0.0_5mCG_5hmCG_6mA/09_30_24_R1041_FiberSeq_HPRC_HG02148_1_dorado0.8.1_sup5.0.0_5mCG_5hmCG_6mA.bam
HG02155	s3://human-pangenomics/submissions/9C2CC113-CBD3-47C7-B741-37550879BA49--UCSC_HPRC_NANOPORE_YEAR3_R10/HG02155/sup5.0.0_5mCG_5hmCG/11_04_24_R1041_UL_HPRC_HG02155_2_dorado0.9.1_sup5.0.0_5mCG_5hmCG.bam
HG02165	s3://human-pangenomics/submissions/9C2CC113-CBD3-47C7-B741-37550879BA49--UCSC_HPRC_NANOPORE_YEAR3_R10/HG02165/sup5.0.0_5mCG_5hmCG/11_12_24_R1041_UL_HPRC_HG02165_1_dorado0.9.1_sup5.0.0_5mCG_5hmCG.bam
HG02178	s3://human-pangenomics/submissions/F673CD5D-9552-4CFC-8BE7-650A71CC5BF4--UCSC_HPRC_nanopore_Year4/HG02178/dorado0.6.0_sup4.3.0_5mCG_5hmCG/12_12_23_R1041_HPRC_HG02178_3_dorado0.6.0_sup4.3.0_5mCG_5hmCG.bam
HG02257	s3://human-pangenomics/submissions/5ECA1D3E-1C37-44B7-BA20-576417F786F0--UCSC_HPRC_ONT_YEAR1_FIBERSEQ/HG02257/dorado1.1.1_sup5.2.0_5mCG_5hmCG_6mA/04_07_25_R1041_UL_HPRCFiberSeq_HG02257_1_dorado1.1.1_sup5.2.0_5mCG_5hmCG_6mA.bam
HG02258	s3://human-pangenomics/submissions/9C2CC113-CBD3-47C7-B741-37550879BA49--UCSC_HPRC_NANOPORE_YEAR3_R10/HG02258/sup5.0.0_5mCG_5hmCG/11_18_24_R1041_UL_HPRC_HG02258_1_dorado0.9.1_sup5.0.0_5mCG_5hmCG.bam
HG02273	s3://human-pangenomics/submissions/9C2CC113-CBD3-47C7-B741-37550879BA49--UCSC_HPRC_NANOPORE_YEAR3_R10/HG02273/sup5.0.0_5mCG_5hmCG/11_18_24_R1041_UL_HPRC_HG02273_2_dorado0.9.1_sup5.0.0_5mCG_5hmCG.bam
HG02275	s3://human-pangenomics/submissions/5ECA1D3E-1C37-44B7-BA20-576417F786F0--UCSC_HPRC_ONT_YEAR1_FIBERSEQ/HG02275/dorado0.9.1_res_dna_r10.4.1_e8.2_400bps_sup20241218_chromatin_stenciling_6mA_GRCh38/04_07_25_R1041_UL_HPRCFiberSeq_HG02257_1_dorado0.9.1_res_dna_r10.4.1_e8.2_400bps_sup20241218_chromatin_stenciling_6mA.bam
HG02280	s3://human-pangenomics/submissions/5AF50F52-A2F1-42E4-8345-1ABF33FA96DD--HPRC_25X_100KB_TOPUP/HG02280/02_09_26_R1041_UL_HPRC_HG02280_1_dorado1.3.1_sup5.2.0_5mCG_5hmCG.bam
HG02282	s3://human-pangenomics/submissions/26FA1FCF-1B37-44B7-8B4B-736C227429BA--UCSC_HGSVC_ONT_R10/HG02282/basecalled/06_02_25_R1041_UL_HGSVC_HG02282_2_dorado1.0.0_supv5.0.0_5mCG_5hmCG.bam
HG02293	s3://human-pangenomics/submissions/BA2424FF-069C-4954-B908-90DF6D731487--UCSC_HPRC_NANOPORE_YEAR2_R10/HG02293/sup5.0.0_5mCG_5hmCG/12_09_24_R1041_UL_HPRC_HG02293_1_dorado0.9.5_sup5.0.0_5mCG_5hmCG.bam
HG02300	s3://human-pangenomics/submissions/5ECA1D3E-1C37-44B7-BA20-576417F786F0--UCSC_HPRC_ONT_YEAR1_FIBERSEQ/HG02300/01_12_26_R1041_UL_HPRCFiberSeq_HG02300_1_dorado1.3.1_sup5.2.0_5mCG_5hmCG_6mA.bam
HG02337	s3://human-pangenomics/submissions/9E0E2B11-B819-407A-8033-14F08DE9F019--UCSC_HPRC_nanopore_Year5/HG02337/sup5.0.0_5mCG_5hmCG/10_07_24_R1041_UL_HPRC_HG02337_1_dorado0.9.1_sup5.0.0_5mCG_5hmCG.bam
HG02364	s3://human-pangenomics/submissions/9E0E2B11-B819-407A-8033-14F08DE9F019--UCSC_HPRC_nanopore_Year5/HG02364/sup5.0.0_5mCG_5hmCG/12_09_24_R1041_UL_HPRC_HG02364_1_dorado1.1.1_sup5.0.0_5mCG_5hmCG.bam
HG02373	s3://human-pangenomics/submissions/9E0E2B11-B819-407A-8033-14F08DE9F019--UCSC_HPRC_nanopore_Year5/HG02373/sup5.0.0_5mCG_5hmCG/12_09_24_R1041_UL_HPRC_HG02373_1_dorado1.1.1_sup5.0.0_5mCG_5hmCG.bam
HG02391	s3://human-pangenomics/submissions/9C2CC113-CBD3-47C7-B741-37550879BA49--UCSC_HPRC_NANOPORE_YEAR3_R10/HG02391/sup5.0.0_5mCG_5hmCG/11_18_24_R1041_UL_HPRC_HG02391_2_dorado0.9.1_sup5.0.0_5mCG_5hmCG.bam
HG02392	s3://human-pangenomics/submissions/F673CD5D-9552-4CFC-8BE7-650A71CC5BF4--UCSC_HPRC_nanopore_Year4/HG02392/dorado0.6.0_sup4.3.0_5mCG_5hmCG/10_31_23_R1041_HPRC_HG02392_1_dorado0.6.0_sup4.3.0_5mCG_5hmCG.bam
HG02451	s3://human-pangenomics/submissions/9C2CC113-CBD3-47C7-B741-37550879BA49--UCSC_HPRC_NANOPORE_YEAR3_R10/HG02451/sup5.0.0_5mCG_5hmCG/11_12_24_R1041_UL_HPRC_HG02451_1_dorado0.9.1_sup5.0.0_5mCG_5hmCG.bam
HG02470	s3://human-pangenomics/submissions/9E0E2B11-B819-407A-8033-14F08DE9F019--UCSC_HPRC_nanopore_Year5/HG02470/sup5.0.0_5mCG_5hmCG/04_30_24_R1041_UL_HPRC_HG02470_3_dorado0.9.1_sup5.0.0_5mCG_5hmCG.bam
HG02486	s3://human-pangenomics/submissions/5ECA1D3E-1C37-44B7-BA20-576417F786F0--UCSC_HPRC_ONT_YEAR1_FIBERSEQ/HG02486/dorado1.1.1_sup5.2.0_5mCG_5hmCG_6mA/04_07_25_R1041_UL_HPRCFiberSeq_HG02486_1_dorado1.1.1_sup5.2.0_5mCG_5hmCG_6mA.bam
HG02492	s3://human-pangenomics/submissions/26FA1FCF-1B37-44B7-8B4B-736C227429BA--UCSC_HGSVC_ONT_R10/HG02492/basecalled/05_19_25_R1041_UL_HGSVC_HG02492_2_dorado1.0.0_supv5.0.0_5mCG_5hmCG.bam
HG02497	s3://human-pangenomics/submissions/9E0E2B11-B819-407A-8033-14F08DE9F019--UCSC_HPRC_nanopore_Year5/HG02497/sup5.0.0_5mCG_5hmCG/10_15_24_R1041_UL_HPRC_HG02497_1_dorado1.1.1_sup5.0.0_5mCG_5hmCG.bam
HG02514	s3://human-pangenomics/submissions/9C2CC113-CBD3-47C7-B741-37550879BA49--UCSC_HPRC_NANOPORE_YEAR3_R10/HG02514/sup5.0.0_5mCG_5hmCG/11_18_24_R1041_UL_HPRC_HG02514_2_dorado0.9.1_sup5.0.0_5mCG_5hmCG.bam
HG02523	s3://human-pangenomics/submissions/BA2424FF-069C-4954-B908-90DF6D731487--UCSC_HPRC_NANOPORE_YEAR2_R10/HG02523/basecalled/05_19_25_R1041_UL_HPRC_HG02523_1_dorado1.0.0_supv5.0.0_5mCG_5hmCG.bam
HG02541	s3://human-pangenomics/submissions/9E0E2B11-B819-407A-8033-14F08DE9F019--UCSC_HPRC_nanopore_Year5/HG02541/sup5.0.0_5mCG_5hmCG/03_26_24_R1041_UL_HPRC_HG02541_3_dorado0.9.1_sup5.0.0_5mCG_5hmCG.bam
HG02554	s3://human-pangenomics/submissions/26FA1FCF-1B37-44B7-8B4B-736C227429BA--UCSC_HGSVC_ONT_R10/HG02554/basecalled/06_02_25_R1041_UL_HGSVC_HG02554_1_dorado1.0.0_supv5.0.0_5mCG_5hmCG.bam
HG02559	s3://human-pangenomics/submissions/5ECA1D3E-1C37-44B7-BA20-576417F786F0--UCSC_HPRC_ONT_YEAR1_FIBERSEQ/HG02559/dorado1.1.1_sup5.2.0_5mCG_5hmCG_6mA/04_07_25_R1041_UL_HPRCFiberSeq_HG02559_1_dorado1.1.1_sup5.2.0_5mCG_5hmCG_6mA.bam
HG02572	s3://human-pangenomics/submissions/35D08EDD-61EA-48F9-8055-3592D532CD5F--UCSC_HPRC_ONT_Year1_R10/HG02572/basecalled/09_16_24_R1041_UL_HPRC_HG02572_1_dorado1.0.0_sup5.0.0_5mCG_5hmCG.bam
HG02583	s3://human-pangenomics/submissions/F673CD5D-9552-4CFC-8BE7-650A71CC5BF4--UCSC_HPRC_nanopore_Year4/HG02583/dorado0.6.0_sup4.3.0_5mCG_5hmCG/01_16_24_R1041_HPRC_HG02583_3_dorado0.6.0_sup4.3.0_5mCG_5hmCG.bam
HG02587	s3://human-pangenomics/submissions/26FA1FCF-1B37-44B7-8B4B-736C227429BA--UCSC_HGSVC_ONT_R10/HG02587/basecalled/06_02_25_R1041_UL_HGSVC_HG02587_1_dorado1.0.0_supv5.0.0_5mCG_5hmCG.bam
HG02589	s3://human-pangenomics/submissions/9E0E2B11-B819-407A-8033-14F08DE9F019--UCSC_HPRC_nanopore_Year5/HG02589/sup5.0.0_5mCG_5hmCG/10_14_24_R1041_UL_HPRC_HG02589_2_dorado0.9.1_sup5.0.0_5mCG_5hmCG.bam
HG02594	s3://human-pangenomics/submissions/9E0E2B11-B819-407A-8033-14F08DE9F019--UCSC_HPRC_nanopore_Year5/HG02594/sup5.0.0_5mCG_5hmCG/10_15_24_R1041_UL_HPRC_HG02594_1_dorado0.9.1_sup5.0.0_5mCG_5hmCG.bam
HG02602	s3://human-pangenomics/submissions/BA2424FF-069C-4954-B908-90DF6D731487--UCSC_HPRC_NANOPORE_YEAR2_R10/HG02602/sup5.0.0_5mCG_5hmCG/11_12_24_R1041_UL_HPRC_HG02602_1_dorado0.9.0_sup5.0.0_5mCG_5hmCG.bam
HG02615	s3://human-pangenomics/submissions/5ECA1D3E-1C37-44B7-BA20-576417F786F0--UCSC_HPRC_ONT_YEAR1_FIBERSEQ/HG02615/01_12_26_R1041_UL_HPRCFiberSeq_HG02615_1_dorado1.3.1_sup5.2.0_5mCG_5hmCG_6mA.bam
HG02622	s3://human-pangenomics/submissions/5ECA1D3E-1C37-44B7-BA20-576417F786F0--UCSC_HPRC_ONT_YEAR1_FIBERSEQ/HG02622/dorado1.1.1_sup5.2.0_5mCG_5hmCG_6mA/03_17_25_R1041_UL_HPRCFiberSeq_HG02622_1_dorado1.1.1_sup5.2.0_5mCG_5hmCG_6mA.bam
HG02624	s3://human-pangenomics/submissions/F673CD5D-9552-4CFC-8BE7-650A71CC5BF4--UCSC_HPRC_nanopore_Year4/HG02624/dorado0.6.0_sup4.3.0_5mCG_5hmCG/09_06_23_R1041_HPRC_HG02624_2_dorado0.6.0_sup4.3.0_5mCG_5hmCG.bam
HG02630	s3://human-pangenomics/submissions/5ECA1D3E-1C37-44B7-BA20-576417F786F0--UCSC_HPRC_ONT_YEAR1_FIBERSEQ/HG02630/dorado1.1.1_sup5.2.0_5mCG_5hmCG_6mA/03_17_25_R1041_UL_HPRCFiberSeq_HG02630_1_dorado1.1.1_sup5.2.0_5mCG_5hmCG_6mA.bam
HG02642	s3://human-pangenomics/submissions/9E0E2B11-B819-407A-8033-14F08DE9F019--UCSC_HPRC_nanopore_Year5/HG02642/sup5.0.0_5mCG_5hmCG/10_21_24_R1041_UL_HPRC_HG02642_1_dorado0.9.1_sup5.0.0_5mCG_5hmCG.bam
HG02647	s3://human-pangenomics/submissions/5ECA1D3E-1C37-44B7-BA20-576417F786F0--UCSC_HPRC_ONT_YEAR1_FIBERSEQ/HG02647/01_26_26_R1041_UL_HPRCFiberSeq_HG02647_1_dorado1.4.0_sup5.2.0_5mCG_5hmCG_6mA.bam
HG02661	s3://human-pangenomics/submissions/9E0E2B11-B819-407A-8033-14F08DE9F019--UCSC_HPRC_nanopore_Year5/HG02661/sup5.0.0_5mCG_5hmCG/10_14_24_R1041_UL_HPRC_HG02661_2_dorado1.1.1_sup5.0.0_5mCG_5hmCG.bam
HG02668	s3://human-pangenomics/submissions/BA2424FF-069C-4954-B908-90DF6D731487--UCSC_HPRC_NANOPORE_YEAR2_R10/HG02668/sup5.0.0_5mCG_5hmCG/12_02_24_R1041_UL_HPRC_HG02668_1_dorado0.9.0_sup5.0.0_5mCG_5hmCG.bam
HG02676	s3://human-pangenomics/submissions/9E0E2B11-B819-407A-8033-14F08DE9F019--UCSC_HPRC_nanopore_Year5/HG02676/sup5.0.0_5mCG_5hmCG/12_09_24_R1041_UL_HPRC_HG02676_1_dorado1.1.1_sup5.0.0_5mCG_5hmCG.bam
HG02683	s3://human-pangenomics/submissions/BA2424FF-069C-4954-B908-90DF6D731487--UCSC_HPRC_NANOPORE_YEAR2_R10/HG02683/sup5.0.0_5mCG_5hmCG/11_12_24_R1041_UL_HPRC_HG02683_3_dorado0.9.0_sup5.0.0_5mCG_5hmCG.bam
HG02698	s3://human-pangenomics/submissions/5ECA1D3E-1C37-44B7-BA20-576417F786F0--UCSC_HPRC_ONT_YEAR1_FIBERSEQ/HG02698/01_12_26_R1041_UL_HPRCFiberSeq_HG02698_1_dorado1.3.1_sup5.2.0_5mCG_5hmCG_6mA.bam
HG02717	s3://human-pangenomics/submissions/35D08EDD-61EA-48F9-8055-3592D532CD5F--UCSC_HPRC_ONT_Year1_R10/HG02717/basecalled/09_16_24_R1041_UL_HPRC_HG02717_1_dorado1.0.0_sup5.0.0_5mCG_5hmCG.bam
HG02723	s3://human-pangenomics/submissions/0ABE6352-37DD-4158-8EE1-877D03B09A25--UCSC_HPRC_PLUS_nanopore_R10/HG02723/basecalled/07_21_25_R1041_UL_HPRCPLUS_HG02723_1_dorado1.0.0_supv5.2.0_5mCG_5hmCG.bam
HG02735	s3://human-pangenomics/submissions/9C2CC113-CBD3-47C7-B741-37550879BA49--UCSC_HPRC_NANOPORE_YEAR3_R10/HG02735/sup5.0.0_5mCG_5hmCG/11_12_24_R1041_UL_HPRC_HG02735_2_dorado0.9.1_sup5.0.0_5mCG_5hmCG.bam
HG02738	s3://human-pangenomics/submissions/BA2424FF-069C-4954-B908-90DF6D731487--UCSC_HPRC_NANOPORE_YEAR2_R10/HG02738/sup5.0.0_5mCG_5hmCG/12_09_24_R1041_UL_HPRC_HG02738_1_dorado0.9.5_sup5.0.0_5mCG_5hmCG.bam
HG02769	s3://human-pangenomics/submissions/26FA1FCF-1B37-44B7-8B4B-736C227429BA--UCSC_HGSVC_ONT_R10/HG02769/basecalled/05_19_25_R1041_UL_HGSVC_HG02769_1_dorado1.0.0_supv5.0.0_5mCG_5hmCG.bam
HG02792	s3://human-pangenomics/submissions/9E0E2B11-B819-407A-8033-14F08DE9F019--UCSC_HPRC_nanopore_Year5/HG02792/sup5.0.0_5mCG_5hmCG/10_21_24_R1041_UL_HPRC_HG02792_1_dorado0.9.1_sup5.0.0_5mCG_5hmCG.bam
HG02809	s3://human-pangenomics/submissions/BA2424FF-069C-4954-B908-90DF6D731487--UCSC_HPRC_NANOPORE_YEAR2_R10/HG02809/sup5.0.0_5mCG_5hmCG/11_04_24_R1041_UL_HPRC_HG02809_1_dorado0.9.0_sup5.0.0_5mCG_5hmCG.bam
HG02818	s3://human-pangenomics/working/HPRC_PLUS/HG02818/raw_data/nanopore/dorado0.7.2_sup4.1.0_5mCG_5hmCG/02_22_23_R1041_HG02818_3_dorado0.7.2_sup4.1.0_5mCG_5hmCG.bam
HG02841	s3://human-pangenomics/submissions/9C2CC113-CBD3-47C7-B741-37550879BA49--UCSC_HPRC_NANOPORE_YEAR3_R10/HG02841/sup5.0.0_5mCG_5hmCG/11_12_24_R1041_UL_HPRC_HG02841_2_dorado0.9.1_sup5.0.0_5mCG_5hmCG.bam
HG02880	s3://human-pangenomics/submissions/5ECA1D3E-1C37-44B7-BA20-576417F786F0--UCSC_HPRC_ONT_YEAR1_FIBERSEQ/HG02880/basecalled/12_15_25_R1041_UL_HPRCFiberSeq_HG02880_1_dorado1.3.0_supv5.2.0_5mCG_5hmCG_6mA.bam
HG02886	s3://human-pangenomics/submissions/35D08EDD-61EA-48F9-8055-3592D532CD5F--UCSC_HPRC_ONT_Year1_R10/HG02886/basecalled/09_16_24_R1041_UL_HPRC_HG02886_1_dorado1.0.0_sup5.0.0_5mCG_5hmCG.bam
HG02922	s3://human-pangenomics/submissions/9C2CC113-CBD3-47C7-B741-37550879BA49--UCSC_HPRC_NANOPORE_YEAR3_R10/HG02922/sup5.0.0_5mCG_5hmCG/11_12_24_R1041_UL_HPRC_HG02922_2_dorado0.9.1_sup5.0.0_5mCG_5hmCG.bam
HG02953	s3://human-pangenomics/submissions/26FA1FCF-1B37-44B7-8B4B-736C227429BA--UCSC_HGSVC_ONT_R10/HG02953/basecalled/05_19_25_R1041_UL_HGSVC_HG02953_2_dorado1.0.0_supv5.0.0_5mCG_5hmCG.bam
HG02965	s3://human-pangenomics/submissions/9C2CC113-CBD3-47C7-B741-37550879BA49--UCSC_HPRC_NANOPORE_YEAR3_R10/HG02965/sup5.0.0_5mCG_5hmCG/11_18_24_R1041_UL_HPRC_HG02965_2_dorado0.9.1_sup5.0.0_5mCG_5hmCG.bam
HG02970	s3://human-pangenomics/working/HPRC_PLUS/HG02970/raw_data/nanopore/dorado0.7.2_sup4.1.0_5mCG_5hmCG/02_22_23_R1041_HG02970_1_dorado0.7.2_sup4.1.0_5mCG_5hmCG.bam
HG02976	s3://human-pangenomics/submissions/9C2CC113-CBD3-47C7-B741-37550879BA49--UCSC_HPRC_NANOPORE_YEAR3_R10/HG02976/sup5.0.0_5mCG_5hmCG/11_04_24_R1041_UL_HPRC_HG02976_2_dorado0.9.1_sup5.0.0_5mCG_5hmCG.bam
HG02984	s3://human-pangenomics/submissions/9C2CC113-CBD3-47C7-B741-37550879BA49--UCSC_HPRC_NANOPORE_YEAR3_R10/HG02984/sup5.0.0_5mCG_5hmCG/12_02_24_R1041_UL_HPRC_HG02984_1_dorado0.9.1_sup5.0.0_5mCG_5hmCG.bam
HG03009	s3://human-pangenomics/submissions/26FA1FCF-1B37-44B7-8B4B-736C227429BA--UCSC_HGSVC_ONT_R10/HG03009/basecalled/05_19_25_R1041_UL_HGSVC_HG03009_2_dorado1.0.0_supv5.0.0_5mCG_5hmCG.bam
HG03017	s3://human-pangenomics/submissions/9C2CC113-CBD3-47C7-B741-37550879BA49--UCSC_HPRC_NANOPORE_YEAR3_R10/HG03017/sup5.0.0_5mCG_5hmCG/11_12_24_R1041_UL_HPRC_HG03017_2_dorado0.9.1_sup5.0.0_5mCG_5hmCG.bam
HG03041	s3://human-pangenomics/submissions/9C2CC113-CBD3-47C7-B741-37550879BA49--UCSC_HPRC_NANOPORE_YEAR3_R10/HG03041/sup5.0.0_5mCG_5hmCG/11_04_24_R1041_UL_HPRC_HG03041_2_dorado0.9.1_sup5.0.0_5mCG_5hmCG.bam
HG03050	s3://human-pangenomics/submissions/9C2CC113-CBD3-47C7-B741-37550879BA49--UCSC_HPRC_NANOPORE_YEAR3_R10/HG03050/sup5.0.0_5mCG_5hmCG/11_04_24_R1041_UL_HPRC_HG03050_1_dorado0.9.1_sup5.0.0_5mCG_5hmCG.bam
HG03052	s3://human-pangenomics/submissions/9E0E2B11-B819-407A-8033-14F08DE9F019--UCSC_HPRC_nanopore_Year5/HG03052/sup5.0.0_5mCG_5hmCG/10_07_24_R1041_UL_HPRC_HG03052_1_dorado0.9.1_sup5.0.0_5mCG_5hmCG.bam
HG03065	s3://human-pangenomics/submissions/26FA1FCF-1B37-44B7-8B4B-736C227429BA--UCSC_HGSVC_ONT_R10/HG03065/basecalled/05_19_25_R1041_UL_HGSVC_HG03065_2_dorado1.0.0_supv5.0.0_5mCG_5hmCG.bam
HG03072	s3://human-pangenomics/submissions/F673CD5D-9552-4CFC-8BE7-650A71CC5BF4--UCSC_HPRC_nanopore_Year4/HG03072/dorado0.6.0_sup4.3.0_5mCG_5hmCG/10_17_23_R1041_HPRC_HG03072_1_dorado0.6.0_sup4.3.0_5mCG_5hmCG.bam
HG03098	s3://human-pangenomics/submissions/0ABE6352-37DD-4158-8EE1-877D03B09A25--UCSC_HPRC_PLUS_nanopore_R10/HG03098/basecalled/08_18_2025_R1041_UL_HPRCPLUS_HG03098_2_dorado1.0.0_supv5.2.0_5mCG_5hmCG.bam
HG03103	s3://human-pangenomics/submissions/F673CD5D-9552-4CFC-8BE7-650A71CC5BF4--UCSC_HPRC_nanopore_Year4/HG03103/dorado0.6.0_sup4.3.0_5mCG_5hmCG/10_10_23_R1041_HPRC_HG03103_3_dorado0.6.0_sup4.3.0_5mCG_5hmCG.bam
HG03108	s3://human-pangenomics/submissions/F673CD5D-9552-4CFC-8BE7-650A71CC5BF4--UCSC_HPRC_nanopore_Year4/HG03108/dorado0.6.0_sup4.3.0_5mCG_5hmCG/09_06_23_R1041_HPRC_HG03108_1_dorado0.6.0_sup4.3.0_5mCG_5hmCG.bam
HG03117	s3://human-pangenomics/submissions/9E0E2B11-B819-407A-8033-14F08DE9F019--UCSC_HPRC_nanopore_Year5/HG03117/sup5.0.0_5mCG_5hmCG/10_07_24_R1041_UL_HPRC_HG03117_1_dorado0.9.1_sup5.0.0_5mCG_5hmCG.bam
HG03126	s3://human-pangenomics/submissions/9E0E2B11-B819-407A-8033-14F08DE9F019--UCSC_HPRC_nanopore_Year5/HG03126/sup5.0.0_5mCG_5hmCG/10_14_24_R1041_UL_HPRC_HG03126_2_dorado0.9.1_sup5.0.0_5mCG_5hmCG.bam
HG03130	s3://human-pangenomics/submissions/9C2CC113-CBD3-47C7-B741-37550879BA49--UCSC_HPRC_NANOPORE_YEAR3_R10/HG03130/sup5.0.0_5mCG_5hmCG/12_02_24_R1041_UL_HPRC_HG03130_1_dorado0.9.1_sup5.0.0_5mCG_5hmCG.bam
HG03136	s3://human-pangenomics/submissions/F673CD5D-9552-4CFC-8BE7-650A71CC5BF4--UCSC_HPRC_nanopore_Year4/HG03136/dorado0.6.0_sup4.3.0_5mCG_5hmCG/10_31_23_R1041_HPRC_HG03136_1_dorado0.6.0_sup4.3.0_5mCG_5hmCG.bam
HG03139	s3://human-pangenomics/submissions/9C2CC113-CBD3-47C7-B741-37550879BA49--UCSC_HPRC_NANOPORE_YEAR3_R10/HG03139/sup5.0.0_5mCG_5hmCG/11_18_24_R1041_UL_HPRC_HG03139_2_dorado0.9.1_sup5.0.0_5mCG_5hmCG.bam
HG03193	s3://human-pangenomics/submissions/9E0E2B11-B819-407A-8033-14F08DE9F019--UCSC_HPRC_nanopore_Year5/HG03193/sup5.0.0_5mCG_5hmCG/10_07_24_R1041_UL_HPRC_HG03193_1_dorado0.9.1_sup5.0.0_5mCG_5hmCG.bam
HG03195	s3://human-pangenomics/submissions/9C2CC113-CBD3-47C7-B741-37550879BA49--UCSC_HPRC_NANOPORE_YEAR3_R10/HG03195/sup5.0.0_5mCG_5hmCG/11_04_24_R1041_UL_HPRC_HG03195_2_dorado0.9.1_sup5.0.0_5mCG_5hmCG.bam
HG03198	s3://human-pangenomics/submissions/9E0E2B11-B819-407A-8033-14F08DE9F019--UCSC_HPRC_nanopore_Year5/HG03198/sup5.0.0_5mCG_5hmCG/10_21_24_R1041_UL_HPRC_HG03198_1_dorado0.9.1_sup5.0.0_5mCG_5hmCG.bam
HG03209	s3://human-pangenomics/submissions/9C2CC113-CBD3-47C7-B741-37550879BA49--UCSC_HPRC_NANOPORE_YEAR3_R10/HG03209/sup5.0.0_5mCG_5hmCG/11_04_24_R1041_UL_HPRC_HG03209_2_dorado0.9.1_sup5.0.0_5mCG_5hmCG.bam
HG03225	s3://human-pangenomics/submissions/9C2CC113-CBD3-47C7-B741-37550879BA49--UCSC_HPRC_NANOPORE_YEAR3_R10/HG03225/sup5.0.0_5mCG_5hmCG/11_04_24_R1041_UL_HPRC_HG03225_1_dorado0.9.1_sup5.0.0_5mCG_5hmCG.bam
HG03239	s3://human-pangenomics/submissions/9C2CC113-CBD3-47C7-B741-37550879BA49--UCSC_HPRC_NANOPORE_YEAR3_R10/HG03239/sup5.0.0_5mCG_5hmCG/11_18_24_R1041_UL_HPRC_HG03239_2_dorado0.9.1_sup5.0.0_5mCG_5hmCG.bam
HG03248	s3://human-pangenomics/submissions/26FA1FCF-1B37-44B7-8B4B-736C227429BA--UCSC_HGSVC_ONT_R10/HG03248/basecalled/05_19_25_R1041_UL_HGSVC_HG03248_2_dorado1.0.0_supv5.0.0_5mCG_5hmCG.bam
HG03258	s3://human-pangenomics/submissions/9E0E2B11-B819-407A-8033-14F08DE9F019--UCSC_HPRC_nanopore_Year5/HG03258/sup5.0.0_5mCG_5hmCG/10_21_24_R1041_UL_HPRC_HG03258_2_dorado0.9.1_sup5.0.0_5mCG_5hmCG.bam
HG03270	s3://human-pangenomics/submissions/F673CD5D-9552-4CFC-8BE7-650A71CC5BF4--UCSC_HPRC_nanopore_Year4/HG03270/dorado0.6.0_sup4.3.0_5mCG_5hmCG/10_24_23_R1041_HPRC_HG03270_3_dorado0.6.0_sup4.3.0_5mCG_5hmCG.bam
HG03271	s3://human-pangenomics/submissions/9E0E2B11-B819-407A-8033-14F08DE9F019--UCSC_HPRC_nanopore_Year5/HG03271/sup5.0.0_5mCG_5hmCG/12_09_24_R1041_UL_HPRC_HG03271_1_dorado0.9.1_sup5.0.0_5mCG_5hmCG.bam
HG03343	s3://human-pangenomics/submissions/F673CD5D-9552-4CFC-8BE7-650A71CC5BF4--UCSC_HPRC_nanopore_Year4/HG03343/dorado0.6.0_sup4.3.0_5mCG_5hmCG/08_08_23_R1041_HPRC_HG03343_3_dorado0.6.0_sup4.3.0_5mCG_5hmCG.bam
HG03366	s3://human-pangenomics/submissions/9E0E2B11-B819-407A-8033-14F08DE9F019--UCSC_HPRC_nanopore_Year5/HG03366/sup5.0.0_5mCG_5hmCG/10_07_24_R1041_UL_HPRC_HG03366_1_dorado0.9.1_sup5.0.0_5mCG_5hmCG.bam
HG03369	s3://human-pangenomics/submissions/F673CD5D-9552-4CFC-8BE7-650A71CC5BF4--UCSC_HPRC_nanopore_Year4/HG03369/dorado0.6.0_sup4.3.0_5mCG_5hmCG/10_10_23_R1041_HPRC_HG03369_2_dorado0.6.0_sup4.3.0_5mCG_5hmCG.bam
HG03371	s3://human-pangenomics/submissions/26FA1FCF-1B37-44B7-8B4B-736C227429BA--UCSC_HGSVC_ONT_R10/HG03371/basecalled/05_19_25_R1041_UL_HGSVC_HG03371_2_dorado1.0.0_supv5.0.0_5mCG_5hmCG.bam
HG03372	s3://human-pangenomics/submissions/F673CD5D-9552-4CFC-8BE7-650A71CC5BF4--UCSC_HPRC_nanopore_Year4/HG03372/dorado0.6.0_sup4.3.0_5mCG_5hmCG/07_08_24_R1041_UL_HPRC_HG03372_1_dorado0.6.0_sup4.3.0_5mCG_5hmCG.bam
HG03388	s3://human-pangenomics/submissions/F673CD5D-9552-4CFC-8BE7-650A71CC5BF4--UCSC_HPRC_nanopore_Year4/HG03388/dorado0.6.0_sup4.3.0_5mCG_5hmCG/08_29_23_R1041_HPRC_HG03388_1_dorado0.6.0_sup4.3.0_5mCG_5hmCG.bam
HG03432	s3://human-pangenomics/submissions/9E0E2B11-B819-407A-8033-14F08DE9F019--UCSC_HPRC_nanopore_Year5/HG03432/sup5.0.0_5mCG_5hmCG/10_21_24_R1041_UL_HPRC_HG03432_2_dorado0.9.1_sup5.0.0_5mCG_5hmCG.bam
HG03445	s3://human-pangenomics/submissions/F673CD5D-9552-4CFC-8BE7-650A71CC5BF4--UCSC_HPRC_nanopore_Year4/HG03445/dorado0.6.0_sup4.3.0_5mCG_5hmCG/10_17_23_R1041_HPRC_HG03445_1_dorado0.6.0_sup4.3.0_5mCG_5hmCG.bam
HG03452	s3://human-pangenomics/submissions/26FA1FCF-1B37-44B7-8B4B-736C227429BA--UCSC_HGSVC_ONT_R10/HG03452/basecalled/04_28_25_R1041_UL_HGSVC_HG03452_2_dorado0.9.1_supv5.0.0_5mCG_5hmCG.bam
HG03453	s3://human-pangenomics/submissions/5ECA1D3E-1C37-44B7-BA20-576417F786F0--UCSC_HPRC_ONT_YEAR1_FIBERSEQ/HG03453/dorado1.1.1_sup5.2.0_5mCG_5hmCG_6mA/03_17_25_R1041_UL_HPRCFiberSeq_HG03453_1_dorado1.1.1_sup5.2.0_5mCG_5hmCG_6mA.bam
HG03456	s3://human-pangenomics/submissions/26FA1FCF-1B37-44B7-8B4B-736C227429BA--UCSC_HGSVC_ONT_R10/HG03456/basecalled/04_28_25_R1041_UL_HGSVC_HG03456_1_dorado0.9.1_supv5.0.0_5mCG_5hmCG.bam
HG03457	s3://human-pangenomics/submissions/F673CD5D-9552-4CFC-8BE7-650A71CC5BF4--UCSC_HPRC_nanopore_Year4/HG03457/dorado0.6.0_sup4.3.0_5mCG_5hmCG/09_12_23_R1041_HPRC_HG03457_3_dorado0.6.0_sup4.3.0_5mCG_5hmCG.bam
HG03458	s3://human-pangenomics/submissions/9C2CC113-CBD3-47C7-B741-37550879BA49--UCSC_HPRC_NANOPORE_YEAR3_R10/HG03458/sup5.0.0_5mCG_5hmCG/11_04_24_R1041_UL_HPRC_HG03458_1_dorado0.9.1_sup5.0.0_5mCG_5hmCG.bam
HG03460	s3://human-pangenomics/submissions/9E0E2B11-B819-407A-8033-14F08DE9F019--UCSC_HPRC_nanopore_Year5/HG03460/sup5.0.0_5mCG_5hmCG/10_07_24_R1041_UL_HPRC_HG03460_2_dorado0.9.1_sup5.0.0_5mCG_5hmCG.bam
HG03470	s3://human-pangenomics/submissions/9C2CC113-CBD3-47C7-B741-37550879BA49--UCSC_HPRC_NANOPORE_YEAR3_R10/HG03470/sup5.0.0_5mCG_5hmCG/11_04_24_R1041_UL_HPRC_HG03470_1_dorado0.9.1_sup5.0.0_5mCG_5hmCG.bam
HG03471	s3://human-pangenomics/submissions/35D08EDD-61EA-48F9-8055-3592D532CD5F--UCSC_HPRC_ONT_Year1_R10/HG03471/basecalled/09_16_24_R1041_UL_HPRC_HG03471_1_dorado1.0.0_sup5.0.0_5mCG_5hmCG.bam
HG03486	s3://human-pangenomics/submissions/0ABE6352-37DD-4158-8EE1-877D03B09A25--UCSC_HPRC_PLUS_nanopore_R10/HG03486/basecalled/07_21_25_R1041_UL_HPRCPLUS_HG03486_2_dorado1.0.0_supv5.2.0_5mCG_5hmCG.bam
HG03492	s3://human-pangenomics/submissions/0ABE6352-37DD-4158-8EE1-877D03B09A25--UCSC_HPRC_PLUS_nanopore_R10/HG03492/basecalled/07_21_25_R1041_UL_HPRCPLUS_HG03492_1_dorado1.0.0_supv5.2.0_5mCG_5hmCG.bam
HG03516	s3://human-pangenomics/submissions/35D08EDD-61EA-48F9-8055-3592D532CD5F--UCSC_HPRC_ONT_Year1_R10/HG03516/basecalled/09_16_24_R1041_UL_HPRC_HG03516_2_dorado1.0.0_sup5.0.0_5mCG_5hmCG.bam
HG03520	s3://human-pangenomics/submissions/26FA1FCF-1B37-44B7-8B4B-736C227429BA--UCSC_HGSVC_ONT_R10/HG03520/basecalled/06_02_25_R1041_UL_HGSVC_HG03520_1_dorado1.0.0_supv5.0.0_5mCG_5hmCG.bam
HG03521	s3://human-pangenomics/submissions/F673CD5D-9552-4CFC-8BE7-650A71CC5BF4--UCSC_HPRC_nanopore_Year4/HG03521/dorado0.6.0_sup4.3.0_5mCG_5hmCG/10_24_23_R1041_HPRC_HG03521_3_dorado0.6.0_sup4.3.0_5mCG_5hmCG.bam
HG03540	s3://human-pangenomics/submissions/5ECA1D3E-1C37-44B7-BA20-576417F786F0--UCSC_HPRC_ONT_YEAR1_FIBERSEQ/HG03540/dorado1.1.1_sup5.2.0_5mCG_5hmCG_6mA/03_17_25_R1041_UL_HPRCFiberSeq_HG03540_1_dorado1.1.1_sup5.2.0_5mCG_5hmCG_6mA.bam
HG03557	s3://human-pangenomics/submissions/9E0E2B11-B819-407A-8033-14F08DE9F019--UCSC_HPRC_nanopore_Year5/HG03557/sup5.0.0_5mCG_5hmCG/10_21_24_R1041_UL_HPRC_HG03557_3_dorado0.9.1_sup5.0.0_5mCG_5hmCG.bam
HG03567	s3://human-pangenomics/submissions/9E0E2B11-B819-407A-8033-14F08DE9F019--UCSC_HPRC_nanopore_Year5/HG03567/sup5.0.0_5mCG_5hmCG/12_09_24_R1041_UL_HPRC_HG03567_1_dorado1.1.1_sup5.0.0_5mCG_5hmCG.bam
HG03579	s3://human-pangenomics/submissions/5ECA1D3E-1C37-44B7-BA20-576417F786F0--UCSC_HPRC_ONT_YEAR1_FIBERSEQ/HG03579/dorado1.1.1_sup5.2.0_5mCG_5hmCG_6mA/03_31_25_R1041_UL_HPRCFiberSeq_HG03579_dorado1.1.1_sup5.2.0_5mCG_5hmCG_6mA.bam
HG03583	s3://human-pangenomics/submissions/5AF50F52-A2F1-42E4-8345-1ABF33FA96DD--HPRC_25X_100KB_TOPUP/HG03583/02_09_26_R1041_UL_HPRC_HG03583_1_dorado1.3.1_sup5.2.0_5mCG_5hmCG.bam
HG03595	s3://human-pangenomics/submissions/9E0E2B11-B819-407A-8033-14F08DE9F019--UCSC_HPRC_nanopore_Year5/HG03595/sup5.0.0_5mCG_5hmCG/10_14_24_R1041_UL_HPRC_HG03595_2_dorado0.9.1_sup5.0.0_5mCG_5hmCG.bam
HG03611	s3://human-pangenomics/submissions/F673CD5D-9552-4CFC-8BE7-650A71CC5BF4--UCSC_HPRC_nanopore_Year4/HG03611/dorado0.6.0_sup4.3.0_5mCG_5hmCG/11_7_23_R1041_HPRC_HG03611_2_dorado0.6.0_sup4.3.0_5mCG_5hmCG.bam
HG03654	s3://human-pangenomics/submissions/5ECA1D3E-1C37-44B7-BA20-576417F786F0--UCSC_HPRC_ONT_YEAR1_FIBERSEQ/HG03654/01_12_26_R1041_UL_HPRCFiberSeq_HG03654_1_dorado1.3.1_sup5.2.0_5mCG_5hmCG_6mA.bam
HG03669	s3://human-pangenomics/submissions/5ECA1D3E-1C37-44B7-BA20-576417F786F0--UCSC_HPRC_ONT_YEAR1_FIBERSEQ/HG03669/basecalled/12_15_25_R1041_UL_HPRCFiberSeq_HG03669_1_dorado1.3.0_supv5.2.0_5mCG_5hmCG_6mA.bam
HG03672	s3://human-pangenomics/submissions/F673CD5D-9552-4CFC-8BE7-650A71CC5BF4--UCSC_HPRC_nanopore_Year4/HG03672/dorado0.6.0_sup4.3.0_5mCG_5hmCG/01_23_24_R1041_HPRC_HG03672_1_dorado0.6.0_sup4.3.0_5mCG_5hmCG.bam
HG03683	s3://human-pangenomics/submissions/26FA1FCF-1B37-44B7-8B4B-736C227429BA--UCSC_HGSVC_ONT_R10/HG03683/basecalled/05_19_25_R1041_UL_HGSVC_HG03683_1_dorado1.0.0_supv5.0.0_5mCG_5hmCG.bam
HG03688	s3://human-pangenomics/submissions/5ECA1D3E-1C37-44B7-BA20-576417F786F0--UCSC_HPRC_ONT_YEAR1_FIBERSEQ/HG03688/01_26_26_R1041_UL_HPRCFiberSeq_HG03688_1_dorado1.4.0_sup5.2.0_5mCG_5hmCG_6mA.bam
HG03691	s3://human-pangenomics/submissions/9E0E2B11-B819-407A-8033-14F08DE9F019--UCSC_HPRC_nanopore_Year5/HG03691/sup5.0.0_5mCG_5hmCG/12_16_24_R1041_UL_HPRC_HG03691_1_dorado1.1.1_sup5.0.0_5mCG_5hmCG.bam
HG03704	s3://human-pangenomics/submissions/9C2CC113-CBD3-47C7-B741-37550879BA49--UCSC_HPRC_NANOPORE_YEAR3_R10/HG03704/sup5.0.0_5mCG_5hmCG/12_16_24_R1041_UL_HPRC_HG03704_1_dorado0.9.5_sup5.0.0_5mCG_5hmCG.bam
HG03710	s3://human-pangenomics/submissions/5ECA1D3E-1C37-44B7-BA20-576417F786F0--UCSC_HPRC_ONT_YEAR1_FIBERSEQ/HG03710/03_23_26_R1041_UL_HPRCFiberSeq_HG03710_1_dorado1.4.0_sup5.2.0_5mCG_5hmCG_6mA.bam
HG03733	s3://human-pangenomics/submissions/9E0E2B11-B819-407A-8033-14F08DE9F019--UCSC_HPRC_nanopore_Year5/HG03733/sup5.0.0_5mCG_5hmCG/12_09_24_R1041_UL_HPRC_HG03733_1_dorado1.1.1_sup5.0.0_5mCG_5hmCG.bam
HG03742	s3://human-pangenomics/submissions/9C2CC113-CBD3-47C7-B741-37550879BA49--UCSC_HPRC_NANOPORE_YEAR3_R10/HG03742/sup5.0.0_5mCG_5hmCG/12_02_24_R1041_UL_HPRC_HG03742_1_dorado0.9.1_sup5.0.0_5mCG_5hmCG.bam
HG03775	s3://human-pangenomics/submissions/9E0E2B11-B819-407A-8033-14F08DE9F019--UCSC_HPRC_nanopore_Year5/HG03775/sup5.0.0_5mCG_5hmCG/10_21_24_R1041_UL_HPRC_HG03775_1_dorado1.1.1_sup5.0.0_5mCG_5hmCG.bam
HG03778	s3://human-pangenomics/submissions/F673CD5D-9552-4CFC-8BE7-650A71CC5BF4--UCSC_HPRC_nanopore_Year4/HG03778/dorado0.6.0_sup4.3.0_5mCG_5hmCG/09_12_23_R1041_HPRC_HG03778_3_dorado0.6.0_sup4.3.0_5mCG_5hmCG.bam
HG03784	s3://human-pangenomics/submissions/F673CD5D-9552-4CFC-8BE7-650A71CC5BF4--UCSC_HPRC_nanopore_Year4/HG03784/dorado0.6.0_sup4.3.0_5mCG_5hmCG/10_17_23_R1041_HPRC_HG03784_1_dorado0.6.0_sup4.3.0_5mCG_5hmCG.bam
HG03788	s3://human-pangenomics/submissions/9E0E2B11-B819-407A-8033-14F08DE9F019--UCSC_HPRC_nanopore_Year5/HG03788/sup5.0.0_5mCG_5hmCG/12_09_24_R1041_UL_HPRC_HG03788_2_dorado0.9.1_sup5.0.0_5mCG_5hmCG.bam
HG03792	s3://human-pangenomics/submissions/9C2CC113-CBD3-47C7-B741-37550879BA49--UCSC_HPRC_NANOPORE_YEAR3_R10/HG03792/sup5.0.0_5mCG_5hmCG/11_12_24_R1041_UL_HPRC_HG03792_1_dorado0.9.1_sup5.0.0_5mCG_5hmCG.bam
HG03804	s3://human-pangenomics/submissions/BA2424FF-069C-4954-B908-90DF6D731487--UCSC_HPRC_NANOPORE_YEAR2_R10/HG03804/sup5.0.0_5mCG_5hmCG/12_02_24_R1041_UL_HPRC_HG03804_2_dorado0.9.5_sup5.0.0_5mCG_5hmCG.bam
HG03807	s3://human-pangenomics/submissions/26FA1FCF-1B37-44B7-8B4B-736C227429BA--UCSC_HGSVC_ONT_R10/HG03807/basecalled/05_19_25_R1041_UL_HGSVC_HG03807_2_dorado1.0.0_supv5.0.0_5mCG_5hmCG.bam
HG03816	s3://human-pangenomics/submissions/BA2424FF-069C-4954-B908-90DF6D731487--UCSC_HPRC_NANOPORE_YEAR2_R10/HG03816/sup5.0.0_5mCG_5hmCG/12_02_24_R1041_UL_HPRC_HG03816_2_dorado0.9.0_sup5.0.0_5mCG_5hmCG.bam
HG03831	s3://human-pangenomics/submissions/BA2424FF-069C-4954-B908-90DF6D731487--UCSC_HPRC_NANOPORE_YEAR2_R10/HG03831/sup5.0.0_5mCG_5hmCG/11_12_24_R1041_UL_HPRC_HG03831_1_dorado0.9.0_sup5.0.0_5mCG_5hmCG.bam
HG03834	s3://human-pangenomics/submissions/9C2CC113-CBD3-47C7-B741-37550879BA49--UCSC_HPRC_NANOPORE_YEAR3_R10/HG03834/sup5.0.0_5mCG_5hmCG/11_18_24_R1041_UL_HPRC_HG03834_1_dorado0.9.1_sup5.0.0_5mCG_5hmCG.bam
HG03854	s3://human-pangenomics/submissions/9E0E2B11-B819-407A-8033-14F08DE9F019--UCSC_HPRC_nanopore_Year5/HG03854/sup5.0.0_5mCG_5hmCG/04_30_24_R1041_UL_HPRC_HG03854_2_dorado0.9.1_sup5.0.0_5mCG_5hmCG.bam
HG03868	s3://human-pangenomics/submissions/9E0E2B11-B819-407A-8033-14F08DE9F019--UCSC_HPRC_nanopore_Year5/HG03868/sup5.0.0_5mCG_5hmCG/10_07_24_R1041_UL_HPRC_HG03868_1_dorado0.9.1_sup5.0.0_5mCG_5hmCG.bam
HG03874	s3://human-pangenomics/submissions/F673CD5D-9552-4CFC-8BE7-650A71CC5BF4--UCSC_HPRC_nanopore_Year4/HG03874/dorado0.6.0_sup4.3.0_5mCG_5hmCG/01_23_24_R1041_HPRC_HG03874_1_dorado0.6.0_sup4.3.0_5mCG_5hmCG.bam
HG03875	s3://human-pangenomics/submissions/9E0E2B11-B819-407A-8033-14F08DE9F019--UCSC_HPRC_nanopore_Year5/HG03875/sup5.0.0_5mCG_5hmCG/10_07_24_R1041_UL_HPRC_HG03875_1_dorado0.9.1_sup5.0.0_5mCG_5hmCG.bam
HG03882	s3://human-pangenomics/submissions/9E0E2B11-B819-407A-8033-14F08DE9F019--UCSC_HPRC_nanopore_Year5/HG03882/sup5.0.0_5mCG_5hmCG/12_09_24_R1041_UL_HPRC_HG03882_1_dorado0.9.1_sup5.0.0_5mCG_5hmCG.bam
HG03890	s3://human-pangenomics/submissions/9E0E2B11-B819-407A-8033-14F08DE9F019--UCSC_HPRC_nanopore_Year5/HG03890/sup5.0.0_5mCG_5hmCG/04_30_24_R1041_UL_HPRC_HG03890_1_dorado0.9.1_sup5.0.0_5mCG_5hmCG.bam
HG03898	s3://human-pangenomics/submissions/9E0E2B11-B819-407A-8033-14F08DE9F019--UCSC_HPRC_nanopore_Year5/HG03898/sup5.0.0_5mCG_5hmCG/12_09_24_R1041_UL_HPRC_HG03898_1_dorado0.9.1_sup5.0.0_5mCG_5hmCG.bam
HG03902	s3://human-pangenomics/submissions/9E0E2B11-B819-407A-8033-14F08DE9F019--UCSC_HPRC_nanopore_Year5/HG03902/sup5.0.0_5mCG_5hmCG/10_28_24_R1041_UL_HPRC_HG03902_2_dorado0.9.1_sup5.0.0_5mCG_5hmCG.bam
HG03919	s3://human-pangenomics/submissions/F673CD5D-9552-4CFC-8BE7-650A71CC5BF4--UCSC_HPRC_nanopore_Year4/HG03919/dorado0.6.0_sup4.3.0_5mCG_5hmCG/01_16_24_R1041_HPRC_HG03919_2_dorado0.6.0_sup4.3.0_5mCG_5hmCG.bam
HG03927	s3://human-pangenomics/submissions/BA2424FF-069C-4954-B908-90DF6D731487--UCSC_HPRC_NANOPORE_YEAR2_R10/HG03927/sup5.0.0_5mCG_5hmCG/12_09_24_R1041_UL_HPRC_HG03927_1_dorado0.9.5_sup5.0.0_5mCG_5hmCG.bam
HG03942	s3://human-pangenomics/submissions/BA2424FF-069C-4954-B908-90DF6D731487--UCSC_HPRC_NANOPORE_YEAR2_R10/HG03942/sup5.0.0_5mCG_5hmCG/11_12_24_R1041_UL_HPRC_HG03942_2_dorado0.9.0_sup5.0.0_5mCG_5hmCG.bam
HG03995	s3://human-pangenomics/submissions/9E0E2B11-B819-407A-8033-14F08DE9F019--UCSC_HPRC_nanopore_Year5/HG03995/sup5.0.0_5mCG_5hmCG/10_28_24_R1041_UL_HPRC_HG03995_2_dorado0.9.1_sup5.0.0_5mCG_5hmCG.bam
HG04036	s3://human-pangenomics/submissions/26FA1FCF-1B37-44B7-8B4B-736C227429BA--UCSC_HGSVC_ONT_R10/HG04036/basecalled/05_19_25_R1041_UL_HGSVC_HG04036_1_dorado1.0.0_supv5.0.0_5mCG_5hmCG.bam
HG04115	s3://human-pangenomics/submissions/5ECA1D3E-1C37-44B7-BA20-576417F786F0--UCSC_HPRC_ONT_YEAR1_FIBERSEQ/HG04115/01_12_26_R1041_UL_HPRCFiberSeq_HG04115_1_dorado1.3.1_sup5.2.0_5mCG_5hmCG_6mA.bam
HG04144	s3://human-pangenomics/submissions/9E0E2B11-B819-407A-8033-14F08DE9F019--UCSC_HPRC_nanopore_Year5/HG04144/sup5.0.0_5mCG_5hmCG/10_21_24_R1041_UL_HPRC_HG04144_1_dorado0.9.1_sup5.0.0_5mCG_5hmCG.bam
HG04153	s3://human-pangenomics/submissions/F673CD5D-9552-4CFC-8BE7-650A71CC5BF4--UCSC_HPRC_nanopore_Year4/HG04153/dorado0.6.0_sup4.3.0_5mCG_5hmCG/09_06_23_R1041_HPRC_HG04153_2_dorado0.6.0_sup4.3.0_5mCG_5hmCG.bam
HG04157	s3://human-pangenomics/submissions/5ECA1D3E-1C37-44B7-BA20-576417F786F0--UCSC_HPRC_ONT_YEAR1_FIBERSEQ/HG04157/dorado1.1.1_sup5.2.0_5mCG_5hmCG_6mA/05_12_25_R1041_UL_HPRCFiberSeq_HG04157_1_dorado1.1.1_sup5.2.0_5mCG_5hmCG_6mA.bam
HG04160	s3://human-pangenomics/submissions/BA2424FF-069C-4954-B908-90DF6D731487--UCSC_HPRC_NANOPORE_YEAR2_R10/HG04160/sup5.0.0_5mCG_5hmCG/11_18_24_R1041_UL_HPRC_HG04160_2_dorado0.9.0_sup5.0.0_5mCG_5hmCG.bam
HG04184	s3://human-pangenomics/submissions/BA2424FF-069C-4954-B908-90DF6D731487--UCSC_HPRC_NANOPORE_YEAR2_R10/HG04184/sup5.0.0_5mCG_5hmCG/11_04_24_R1041_UL_HPRC_HG04184_1_dorado0.9.0_sup5.0.0_5mCG_5hmCG.bam
HG04187	s3://human-pangenomics/submissions/BA2424FF-069C-4954-B908-90DF6D731487--UCSC_HPRC_NANOPORE_YEAR2_R10/HG04187/sup5.0.0_5mCG_5hmCG/12_02_24_R1041_UL_HPRC_HG04187_1_dorado0.9.0_sup5.0.0_5mCG_5hmCG.bam
HG04199	s3://human-pangenomics/submissions/BA2424FF-069C-4954-B908-90DF6D731487--UCSC_HPRC_NANOPORE_YEAR2_R10/HG04199/sup5.0.0_5mCG_5hmCG/12_02_24_R1041_UL_HPRC_HG04199_1_dorado0.9.0_sup5.0.0_5mCG_5hmCG.bam
HG04204	s3://human-pangenomics/submissions/BA2424FF-069C-4954-B908-90DF6D731487--UCSC_HPRC_NANOPORE_YEAR2_R10/HG04204/sup5.0.0_5mCG_5hmCG/12_09_24_R1041_UL_HPRC_HG04204_2_dorado0.9.0_sup5.0.0_5mCG_5hmCG.bam
HG04216	s3://human-pangenomics/submissions/9E0E2B11-B819-407A-8033-14F08DE9F019--UCSC_HPRC_nanopore_Year5/HG04216/sup5.0.0_5mCG_5hmCG/10_07_24_R1041_UL_HPRC_HG04216_1_dorado0.9.1_sup5.0.0_5mCG_5hmCG.bam
HG04217	s3://human-pangenomics/submissions/26FA1FCF-1B37-44B7-8B4B-736C227429BA--UCSC_HGSVC_ONT_R10/HG04217/basecalled/04_28_25_R1041_UL_HGSVC_HG04217_2_dorado0.9.1_supv5.0.0_5mCG_5hmCG.bam
HG04225	s3://human-pangenomics/submissions/F673CD5D-9552-4CFC-8BE7-650A71CC5BF4--UCSC_HPRC_nanopore_Year4/HG04225/dorado0.6.0_sup4.3.0_5mCG_5hmCG/10_10_23_R1041_HPRC_HG04225_2_dorado0.6.0_sup4.3.0_5mCG_5hmCG.bam
HG04228	s3://human-pangenomics/submissions/5ECA1D3E-1C37-44B7-BA20-576417F786F0--UCSC_HPRC_ONT_YEAR1_FIBERSEQ/HG04228/01_12_26_R1041_UL_HPRCFiberSeq_HG04228_1_dorado1.3.1_sup5.2.0_5mCG_5hmCG_6mA.bam
HG06799	s3://human-pangenomics/submissions/C62CD526-AC42-4617-BA46-FCB2AB496230--UCSC_WashU_AFR_ONT_R10/HG06799/basecalled/06_23_25_R1041_UL_HPRCWashUAA_HG06799_1_dorado1.0.0_supv5.2.0_5mCG_5hmCG.bam
HG06800	s3://human-pangenomics/submissions/C62CD526-AC42-4617-BA46-FCB2AB496230--UCSC_WashU_AFR_ONT_R10/HG06800/basecalled/06_23_25_R1041_UL_HPRCWashUAA_HG06800_1_dorado1.0.0_supv5.2.0_5mCG_5hmCG.bam
HG06801	s3://human-pangenomics/submissions/C62CD526-AC42-4617-BA46-FCB2AB496230--UCSC_WashU_AFR_ONT_R10/HG06801/basecalled/06_23_25_R1041_UL_HPRCWashUAA_HG06801_2_dorado1.0.0_supv5.2.0_5mCG_5hmCG.bam
HG06802	s3://human-pangenomics/submissions/5D3EAF77-65E9-4D81-9B03-F4C562E2839C--UCSC_HPRC_ONT_hiPSCs_FIBERSEQ/HG06802/basecalled/07_28_25_R1041_UL_HPRC_hiPSCs_HG06802_1_dorado1.0.0_supv5.2.0_6mA.bam
HG06803	s3://human-pangenomics/submissions/61E64CC7-3281-4387-B428-C284F65B84EE--WASHU_PED_DATA/adaptive_sampling/06_18_24_R1041_UL_Pedigree_HG06803_1_dorado0.7.2_sup5.0.0_5mCG_5hmCG.bam
HG06804	s3://human-pangenomics/submissions/61E64CC7-3281-4387-B428-C284F65B84EE--WASHU_PED_DATA/adaptive_sampling/06_18_24_R1041_UL_Pedigree_HG06804_1_dorado0.7.2_sup5.0.0_5mCG_5hmCG.bam
HG06805	s3://human-pangenomics/submissions/C62CD526-AC42-4617-BA46-FCB2AB496230--UCSC_WashU_AFR_ONT_R10/HG06805/basecalled/06_23_25_R1041_UL_HPRCWashUAA_HG06805_1_dorado1.0.0_supv5.2.0_5mCG_5hmCG.bam
HG06807	s3://human-pangenomics/submissions/61E64CC7-3281-4387-B428-C284F65B84EE--WASHU_PED_DATA/prom_plus/LIG/hac_basecalled/11_03_25_R1041P_LIG_HTFC_HG06807_2_dorado1.4.0_hac-2025-11-06.bam
HG06808	s3://human-pangenomics/submissions/61E64CC7-3281-4387-B428-C284F65B84EE--WASHU_PED_DATA/adaptive_sampling/06_18_24_R1041_UL_Pedigree_HG06808_1_dorado0.7.2_sup5.0.0_5mCG_5hmCG.bam
HG08434	s3://human-pangenomics/submissions/84077892-5102-489A-AB47-79EA57B8FC91--UCSC_HPRC_NANOPORE_YEAR7/HG08434/LIG_PBMC/07_20_26_R1041_LIG_HPRCBlood_HG08434_1_dorado1.4.0_supv5.2.0_5mCG_5hmCG.bam
HG08435	s3://human-pangenomics/submissions/84077892-5102-489A-AB47-79EA57B8FC91--UCSC_HPRC_NANOPORE_YEAR7/HG08435/LIG_PBMC/07_20_26_R1041_LIG_HPRCBlood_HG08435_1_dorado1.4.0_supv5.2.0_5mCG_5hmCG.bam
HG08436	s3://human-pangenomics/submissions/84077892-5102-489A-AB47-79EA57B8FC91--UCSC_HPRC_NANOPORE_YEAR7/HG08436/02_23_26_R1041_UL_HPRC_HG08436_2_dorado1.4.0_sup5.2.0_5mCG_5hmCG.bam
HG08441	s3://human-pangenomics/submissions/84077892-5102-489A-AB47-79EA57B8FC91--UCSC_HPRC_NANOPORE_YEAR7/HG08441/LIG_PBMC/07_20_26_R1041_LIG_HPRCBlood_HG08441_1_dorado1.4.0_supv5.2.0_5mCG_5hmCG.bam
HG08443	s3://human-pangenomics/submissions/84077892-5102-489A-AB47-79EA57B8FC91--UCSC_HPRC_NANOPORE_YEAR7/HG08443/LIG_PBMC/07_20_26_R1041_LIG_HPRCBlood_HG08443_1_dorado1.4.0_supv5.2.0_5mCG_5hmCG.bam
HG08444	s3://human-pangenomics/submissions/84077892-5102-489A-AB47-79EA57B8FC91--UCSC_HPRC_NANOPORE_YEAR7/HG08444/LIG_PBMC/07_20_26_R1041_LIG_HPRCBlood_HG08444_1_dorado1.4.0_supv5.2.0_5mCG_5hmCG.bam
HG08446	s3://human-pangenomics/submissions/84077892-5102-489A-AB47-79EA57B8FC91--UCSC_HPRC_NANOPORE_YEAR7/HG08446/LIG_PBMC/07_20_26_R1041_LIG_HPRCBlood_HG08446_1_dorado1.4.0_supv5.2.0_5mCG_5hmCG.bam
HG08449	s3://human-pangenomics/submissions/84077892-5102-489A-AB47-79EA57B8FC91--UCSC_HPRC_NANOPORE_YEAR7/HG08449/LIG_PBMC/07_20_26_R1041_LIG_HPRCBlood_HG08449_1_dorado1.4.0_supv5.2.0_5mCG_5hmCG.bam
HG08463	s3://human-pangenomics/submissions/84077892-5102-489A-AB47-79EA57B8FC91--UCSC_HPRC_NANOPORE_YEAR7/HG08463/LIG_PBMC/07_20_26_R1041_LIG_HPRCBlood_HG08463_1_dorado1.4.0_supv5.2.0_5mCG_5hmCG.bam
HG08464	s3://human-pangenomics/submissions/84077892-5102-489A-AB47-79EA57B8FC91--UCSC_HPRC_NANOPORE_YEAR7/HG08464/LIG_PBMC/07_20_26_R1041_LIG_HPRCBlood_HG08464_1_dorado1.4.0_supv5.2.0_5mCG_5hmCG.bam
NA14939	s3://human-pangenomics/submissions/9E0E2B11-B819-407A-8033-14F08DE9F019--UCSC_HPRC_nanopore_Year5/NA14939/sup5.0.0_5mCG_5hmCG/10_21_24_R1041_UL_HPRC_NA14939_2_dorado0.9.1_sup5.0.0_5mCG_5hmCG.bam
NA18488	s3://human-pangenomics/working/HPRC/NA18488/raw_data/nanopore/sup5.0.0_5mCG_5hmCG/04_30_24_R1041_UL_HPRC_NA18488_1_dorado0.9.1_sup5.0.0_5mCG_5hmCG.bam
NA18505	s3://human-pangenomics/working/HPRC/NA18505/raw_data/nanopore/dorado0.6.0_sup4.3.0_5mCG_5hmCG/10_24_23_R1041_HPRC_NA18505_3_dorado0.6.0_sup4.3.0_5mCG_5hmCG.bam
NA18508	s3://human-pangenomics/working/HPRC/NA18508/raw_data/nanopore/dorado0.6.0_sup4.3.0_5mCG_5hmCG/09_12_23_R1041_HPRC_NA18508_3_dorado0.6.0_sup4.3.0_5mCG_5hmCG.bam
NA18511	s3://human-pangenomics/submissions/9E0E2B11-B819-407A-8033-14F08DE9F019--UCSC_HPRC_nanopore_Year5/NA18511/sup5.0.0_5mCG_5hmCG/10_21_24_R1041_UL_HPRC_NA18511_1_dorado0.9.1_sup5.0.0_5mCG_5hmCG.bam
NA18522	s3://human-pangenomics/submissions/9C2CC113-CBD3-47C7-B741-37550879BA49--UCSC_HPRC_NANOPORE_YEAR3_R10/NA18522/sup5.0.0_5mCG_5hmCG/11_18_24_R1041_UL_HPRC_NA18522_1_dorado0.9.1_sup5.0.0_5mCG_5hmCG.bam
NA18523	s3://human-pangenomics/working/HPRC/NA18523/raw_data/nanopore/dorado0.6.0_sup4.3.0_5mCG_5hmCG/10_10_23_R1041_HPRC_NA18523_2_dorado0.6.0_sup4.3.0_5mCG_5hmCG.bam
NA18534	s3://human-pangenomics/submissions/26FA1FCF-1B37-44B7-8B4B-736C227429BA--UCSC_HGSVC_ONT_R10/NA18534/basecalled/05_12_25_R1041_UL_HGSVC_NA18534_1_dorado1.0.0_supv5.0.0_5mCG_5hmCG.bam
NA18538	s3://human-pangenomics/submissions/9E0E2B11-B819-407A-8033-14F08DE9F019--UCSC_HPRC_nanopore_Year5/NA18538/sup5.0.0_5mCG_5hmCG/03_26_24_R1041_UL_HPRC_NA18538_3_dorado0.9.1_sup5.0.0_5mCG_5hmCG.bam
NA18547	s3://human-pangenomics/submissions/9E0E2B11-B819-407A-8033-14F08DE9F019--UCSC_HPRC_nanopore_Year5/NA18547/sup5.0.0_5mCG_5hmCG/10_21_24_R1041_UL_HPRC_NA18547_1_dorado0.9.1_sup5.0.0_5mCG_5hmCG.bam
NA18559	s3://human-pangenomics/submissions/9E0E2B11-B819-407A-8033-14F08DE9F019--UCSC_HPRC_nanopore_Year5/NA18559/sup5.0.0_5mCG_5hmCG/10_14_24_R1041_UL_HPRC_NA18559_2_dorado0.9.1_sup5.0.0_5mCG_5hmCG.bam
NA18565	s3://human-pangenomics/working/HPRC/NA18565/raw_data/nanopore/dorado0.6.0_sup4.3.0_5mCG_5hmCG/10_10_23_R1041_HPRC_NA18565_5_dorado0.6.0_sup4.3.0_5mCG_5hmCG.bam
NA18570	s3://human-pangenomics/submissions/9C2CC113-CBD3-47C7-B741-37550879BA49--UCSC_HPRC_NANOPORE_YEAR3_R10/NA18570/sup5.0.0_5mCG_5hmCG/11_12_24_R1041_UL_HPRC_NA18570_2_dorado0.9.1_sup5.0.0_5mCG_5hmCG.bam
NA18606	s3://human-pangenomics/submissions/9E0E2B11-B819-407A-8033-14F08DE9F019--UCSC_HPRC_nanopore_Year5/NA18606/sup5.0.0_5mCG_5hmCG/12_09_24_R1041_UL_HPRC_NA18606_2_dorado0.9.1_sup5.0.0_5mCG_5hmCG.bam
NA18608	s3://human-pangenomics/working/HPRC/NA18608/raw_data/nanopore/dorado0.6.0_sup4.3.0_5mCG_5hmCG/10_31_23_R1041_HPRC_NA18608_1_dorado0.6.0_sup4.3.0_5mCG_5hmCG.bam
NA18611	s3://human-pangenomics/working/HPRC/NA18611/raw_data/nanopore/sup5.0.0/10_07_24_R1041_UL_HPRC_NA18611_1_dorado0.9.1_sup5.0.0.bam
NA18612	s3://human-pangenomics/submissions/9C2CC113-CBD3-47C7-B741-37550879BA49--UCSC_HPRC_NANOPORE_YEAR3_R10/NA18612/sup5.0.0_5mCG_5hmCG/11_04_24_R1041_UL_HPRC_NA18612_2_dorado0.9.1_sup5.0.0_5mCG_5hmCG.bam
NA18620	s3://human-pangenomics/working/HPRC/NA18620/raw_data/nanopore/dorado0.6.0_sup4.3.0_5mCG_5hmCG/01_16_24_R1041_HPRC_NA18620_3_dorado0.6.0_sup4.3.0_5mCG_5hmCG.bam
NA18636	s3://human-pangenomics/submissions/9E0E2B11-B819-407A-8033-14F08DE9F019--UCSC_HPRC_nanopore_Year5/NA18636/sup5.0.0_5mCG_5hmCG/12_09_24_R1041_UL_HPRC_NA18636_2_dorado0.9.1_sup5.0.0_5mCG_5hmCG.bam
NA18638	s3://human-pangenomics/working/HPRC/NA18638/raw_data/nanopore/dorado0.6.0_sup4.3.0_5mCG_5hmCG/10_17_23_R1041_HPRC_NA18638_2_dorado0.6.0_sup4.3.0_5mCG_5hmCG.bam
NA18747	s3://human-pangenomics/submissions/9C2CC113-CBD3-47C7-B741-37550879BA49--UCSC_HPRC_NANOPORE_YEAR3_R10/NA18747/sup5.0.0_5mCG_5hmCG/12_02_24_R1041_UL_HPRC_NA18747_1_dorado0.9.1_sup5.0.0_5mCG_5hmCG.bam
NA18870	s3://human-pangenomics/submissions/9E0E2B11-B819-407A-8033-14F08DE9F019--UCSC_HPRC_nanopore_Year5/NA18870/sup5.0.0_5mCG_5hmCG/10_14_24_R1041_UL_HPRC_NA18870_2_dorado0.9.1_sup5.0.0_5mCG_5hmCG.bam
NA18871	s3://human-pangenomics/working/HPRC/NA18871/raw_data/nanopore/dorado0.6.0_sup4.3.0_5mCG_5hmCG/09_12_23_R1041_HPRC_NA18871_3_dorado0.6.0_sup4.3.0_5mCG_5hmCG.bam
NA18879	s3://human-pangenomics/working/HPRC/NA18879/raw_data/nanopore/dorado0.6.0_sup4.3.0_5mCG_5hmCG/08_08_23_R1041_HPRC_NA18879_2_dorado0.6.0_sup4.3.0_5mCG_5hmCG.bam
NA18906	s3://human-pangenomics/submissions/0ABE6352-37DD-4158-8EE1-877D03B09A25--UCSC_HPRC_PLUS_nanopore_R10/NA18906/basecalled/07_21_25_R1041_UL_HPRCPLUS_NA18906_2_dorado1.0.0_supv5.2.0_5mCG_5hmCG.bam
NA18939	s3://human-pangenomics/submissions/26FA1FCF-1B37-44B7-8B4B-736C227429BA--UCSC_HGSVC_ONT_R10/NA18939/basecalled/05_19_25_R1041_UL_HGSVC_NA18939_2_dorado1.0.0_supv5.0.0_5mCG_5hmCG.bam
NA18940	s3://human-pangenomics/working/HPP/AMED/NA18940/raw_data/nanopore/dorado0.5.3_sup4.3.0_5mCG_5hmCG/11_28_23_R1041_AMED-Collaboration-HPRC_NA18940_3_dorado0.5.3_sup4.3.0_5mCG_5hmCG.bam
NA18942	s3://human-pangenomics/submissions/9E0E2B11-B819-407A-8033-14F08DE9F019--UCSC_HPRC_nanopore_Year5/NA18942/sup5.0.0_5mCG_5hmCG/10_14_24_R1041_UL_HPRC_NA18942_2_dorado0.9.1_sup5.0.0_5mCG_5hmCG.bam
NA18943	s3://human-pangenomics/working/HPP/AMED/NA18943/raw_data/nanopore/dorado0.5.3_sup4.3.0_5mCG_5hmCG/12_12_23_R1041_AMED-Collaboration-HPRC_NA18943_2_dorado0.5.3_sup4.3.0_5mCG_5hmCG.bam
NA18944	s3://human-pangenomics/working/HPP/AMED/NA18944/raw_data/nanopore/dorado0.5.3_sup4.3.0_5mCG_5hmCG/11_28_23_R1041_AMED-Collaboration-HPRC_NA18944_1_dorado0.5.3_sup4.3.0_5mCG_5hmCG.bam
NA18945	s3://human-pangenomics/submissions/B25289BC-5C70-4C42-B2EC-6E742BC82EE1--AMED_HPRC_collaboration/NA18945/raw_data/nanopore/wMods/20240507_1525_P2S-01540-B_PAW32033_c93a2217_dorado0.7.2_hac4.3.0_5mCG_5hmCG.bam
NA18948	s3://human-pangenomics/working/HPP/AMED/NA18948/raw_data/nanopore/dorado0.5.3_sup4.3.0_5mCG_5hmCG/01_09_24_R1041_AMED-Collaboration-HPRC_NA18948_2_dorado0.5.3_sup4.3.0_5mCG_5hmCG.bam
NA18952	s3://human-pangenomics/working/HPRC/NA18952/raw_data/nanopore/dorado0.6.0_sup4.3.0_5mCG_5hmCG/11_28_23_R1041_HPRC_NA18952_1_dorado0.6.0_sup4.3.0_5mCG_5hmCG.bam
NA18959	s3://human-pangenomics/working/HPP/AMED/NA18959/raw_data/nanopore/dorado0.5.3_sup4.3.0_5mCG_5hmCG/01_09_24_R1041_AMED-Collaboration-HPRC_NA18959_3_dorado0.5.3_sup4.3.0_5mCG_5hmCG.bam
NA18960	s3://human-pangenomics/working/HPP/AMED/NA18960/raw_data/nanopore/dorado0.5.3_sup4.3.0_5mCG_5hmCG/01_09_24_R1041_AMED-Collaboration-HPRC_NA18960_1_dorado0.5.3_sup4.3.0_5mCG_5hmCG.bam
NA18967	s3://human-pangenomics/working/HPP/AMED/NA18967/raw_data/nanopore/dorado0.5.3_sup4.3.0_5mCG_5hmCG/01_09_24_R1041_AMED-Collaboration-HPRC_NA18967_3_dorado0.5.3_sup4.3.0_5mCG_5hmCG.bam
NA18970	s3://human-pangenomics/working/HPP/AMED/NA18970/raw_data/nanopore/dorado0.5.3_sup4.3.0_5mCG_5hmCG/01_09_24_R1041_AMED-Collaboration-HPRC_NA18970_1_dorado0.5.3_sup4.3.0_5mCG_5hmCG.bam
NA18971	s3://human-pangenomics/submissions/9C2CC113-CBD3-47C7-B741-37550879BA49--UCSC_HPRC_NANOPORE_YEAR3_R10/NA18971/sup5.0.0_5mCG_5hmCG/11_18_24_R1041_UL_HPRC_NA18971_1_dorado0.9.1_sup5.0.0_5mCG_5hmCG.bam
NA18974	s3://human-pangenomics/working/HPRC/NA18974/raw_data/nanopore/dorado0.6.0_sup4.3.0_5mCG_5hmCG/11_28_23_R1041_HPRC_NA18974_2_dorado0.6.0_sup4.3.0_5mCG_5hmCG.bam
NA18976	s3://human-pangenomics/working/HPRC/NA18976/raw_data/nanopore/dorado0.6.0_sup4.3.0_5mCG_5hmCG/12_12_23_R1041_HPRC_NA18976_1_dorado0.6.0_sup4.3.0_5mCG_5hmCG.bam
NA18982	s3://human-pangenomics/submissions/B25289BC-5C70-4C42-B2EC-6E742BC82EE1--AMED_HPRC_collaboration/NA18982/raw_data/nanopore/wMods/20240520_1257_P2S-01311-B_PAW31976_308aa689_dorado0.7.2_hac4.3.0_5mCG_5hmCG.bam
NA18983	s3://human-pangenomics/submissions/9C2CC113-CBD3-47C7-B741-37550879BA49--UCSC_HPRC_NANOPORE_YEAR3_R10/NA18983/sup5.0.0_5mCG_5hmCG/11_12_24_R1041_UL_HPRC_NA18983_1_dorado0.9.1_sup5.0.0_5mCG_5hmCG.bam
NA18995	s3://human-pangenomics/submissions/9E0E2B11-B819-407A-8033-14F08DE9F019--UCSC_HPRC_nanopore_Year5/NA18995/sup5.0.0_5mCG_5hmCG/10_21_24_R1041_UL_HPRC_NA18995_1_dorado0.9.5_sup5.0.0_5mCG_5hmCG.bam
NA19000	s3://human-pangenomics/submissions/9E0E2B11-B819-407A-8033-14F08DE9F019--UCSC_HPRC_nanopore_Year5/NA19000/sup5.0.0_5mCG_5hmCG/10_15_24_R1041_UL_HPRC_NA19000_2_dorado0.9.5_sup5.0.0_5mCG_5hmCG.bam
NA19012	s3://human-pangenomics/working/HPRC/NA19012/raw_data/nanopore/dorado0.6.0_sup4.3.0_5mCG_5hmCG/01_16_24_R1041_HPRC_NA19012_2_dorado0.6.0_sup4.3.0_5mCG_5hmCG.bam
NA19030	s3://human-pangenomics/submissions/0ABE6352-37DD-4158-8EE1-877D03B09A25--UCSC_HPRC_PLUS_nanopore_R10/NA19030/basecalled/07_21_25_R1041_UL_HPRCPLUS_NA19030_2_dorado1.0.0_supv5.2.0_5mCG_5hmCG.bam
NA19031	s3://human-pangenomics/working/HPRC/NA19031/raw_data/nanopore/sup5.0.0/04_30_24_R1041_UL_HPRC_NA19031_3_dorado0.9.1_sup5.0.0.bam
NA19035	s3://human-pangenomics/submissions/9E0E2B11-B819-407A-8033-14F08DE9F019--UCSC_HPRC_nanopore_Year5/NA19035/sup5.0.0_5mCG_5hmCG/10_28_24_R1041_UL_HPRC_NA19035_1_dorado0.9.5_sup5.0.0_5mCG_5hmCG.bam
NA19036	s3://human-pangenomics/working/HPRC/NA19036/raw_data/nanopore/dorado0.6.0_sup4.3.0_5mCG_5hmCG/12_05_23_R1041_HPRC_NA19036_1_dorado0.6.0_sup4.3.0_5mCG_5hmCG.bam
NA19042	s3://human-pangenomics/working/HPRC/NA19042/raw_data/nanopore/dorado0.6.0_sup4.3.0_5mCG_5hmCG/01_23_24_R1041_HPRC_NA19042_1_dorado0.6.0_sup4.3.0_5mCG_5hmCG.bam
NA19043	s3://human-pangenomics/submissions/9C2CC113-CBD3-47C7-B741-37550879BA49--UCSC_HPRC_NANOPORE_YEAR3_R10/NA19043/sup5.0.0_5mCG_5hmCG/11_18_24_R1041_UL_HPRC_NA19043_1_dorado0.9.1_sup5.0.0_5mCG_5hmCG.bam
NA19055	s3://human-pangenomics/submissions/9E0E2B11-B819-407A-8033-14F08DE9F019--UCSC_HPRC_nanopore_Year5/NA19055/sup5.0.0_5mCG_5hmCG/12_09_24_R1041_UL_HPRC_NA19055_1_dorado1.1.1_sup5.0.0_5mCG_5hmCG.bam
NA19063	s3://human-pangenomics/working/HPRC/NA19063/raw_data/nanopore/sup5.0.0/03_26_24_R1041_UL_HPRC_NA19063_2_dorado0.9.1_sup5.0.0.bam
NA19079	s3://human-pangenomics/submissions/9E0E2B11-B819-407A-8033-14F08DE9F019--UCSC_HPRC_nanopore_Year5/NA19079/sup5.0.0_5mCG_5hmCG/12_09_24_R1041_UL_HPRC_NA19079_2_dorado0.9.1_sup5.0.0_5mCG_5hmCG.bam
NA19087	s3://human-pangenomics/submissions/9C2CC113-CBD3-47C7-B741-37550879BA49--UCSC_HPRC_NANOPORE_YEAR3_R10/NA19087/sup5.0.0_5mCG_5hmCG/11_12_24_R1041_UL_HPRC_NA19087_2_dorado1.1.1_sup5.0.0_5mCG_5hmCG.bam
NA19090	s3://human-pangenomics/submissions/9E0E2B11-B819-407A-8033-14F08DE9F019--UCSC_HPRC_nanopore_Year5/NA19090/sup5.0.0_5mCG_5hmCG/10_28_24_R1041_UL_HPRC_NA19090_2_dorado0.9.1_sup5.0.0_5mCG_5hmCG.bam
NA19099	s3://human-pangenomics/working/HPRC/NA19099/raw_data/nanopore/dorado0.6.0_sup4.3.0_5mCG_5hmCG/08_08_23_R1041_HPRC_NA19099_1_dorado0.6.0_sup4.3.0_5mCG_5hmCG.bam
NA19118	s3://human-pangenomics/submissions/9E0E2B11-B819-407A-8033-14F08DE9F019--UCSC_HPRC_nanopore_Year5/NA19118/sup5.0.0_5mCG_5hmCG/12_09_24_R1041_UL_HPRC_NA19118_2_dorado0.9.1_sup5.0.0_5mCG_5hmCG.bam
NA19120	s3://human-pangenomics/working/HPRC/NA19120/raw_data/nanopore/sup5.0.0_5mCG_5hmCG/12_02_24_R1041_UL_HPRC_NA19120_1_dorado0.9.5_sup5.0.0_5mCG_5hmCG.bam
NA19129	s3://human-pangenomics/submissions/26FA1FCF-1B37-44B7-8B4B-736C227429BA--UCSC_HGSVC_ONT_R10/NA19129/basecalled/04_28_25_R1041_UL_HGSVC_NA19129_2_dorado0.9.1_supv5.0.0_5mCG_5hmCG.bam
NA19131	s3://human-pangenomics/working/HPRC/NA19131/raw_data/nanopore/dorado0.6.0_sup4.3.0_5mCG_5hmCG/09_06_23_R1041_HPRC_NA19131_2_dorado0.6.0_sup4.3.0_5mCG_5hmCG.bam
NA19159	s3://human-pangenomics/submissions/9C2CC113-CBD3-47C7-B741-37550879BA49--UCSC_HPRC_NANOPORE_YEAR3_R10/NA19159/sup5.0.0_5mCG_5hmCG/12_02_24_R1041_UL_HPRC_NA19159_1_dorado0.9.1_sup5.0.0_5mCG_5hmCG.bam
NA19175	s3://human-pangenomics/working/HPRC/NA19175/raw_data/nanopore/dorado0.6.0_sup4.3.0_5mCG_5hmCG/01_16_24_R1041_HPRC_NA19175_2_dorado0.6.0_sup4.3.0_5mCG_5hmCG.bam
NA19185	s3://human-pangenomics/submissions/9C2CC113-CBD3-47C7-B741-37550879BA49--UCSC_HPRC_NANOPORE_YEAR3_R10/NA19185/sup5.0.0_5mCG_5hmCG/11_12_24_R1041_UL_HPRC_NA19185_1_dorado0.9.1_sup5.0.0_5mCG_5hmCG.bam
NA19190	s3://human-pangenomics/working/HPRC/NA19190/raw_data/nanopore/dorado0.6.0_sup4.3.0_5mCG_5hmCG/10_24_23_R1041_HPRC_NA19190_3_dorado0.6.0_sup4.3.0_5mCG_5hmCG.bam
NA19240	s3://human-pangenomics/working/HPRC_PLUS/NA19240/raw_data/nanopore/dorado0.7.2_sup4.1.0_5mCG_5hmCG/03_14_23_R1041_NA19240_1_dorado0.7.2_sup4.1.0_5mCG_5hmCG.bam
NA19307	s3://human-pangenomics/submissions/9E0E2B11-B819-407A-8033-14F08DE9F019--UCSC_HPRC_nanopore_Year5/NA19307/sup5.0.0_5mCG_5hmCG/10_14_24_R1041_UL_HPRC_NA19307_2_dorado0.9.1_sup5.0.0_5mCG_5hmCG.bam
NA19314	s3://human-pangenomics/working/HPRC/NA19314/raw_data/nanopore/sup5.0.0/04_30_24_R1041_UL_HPRC_NA19314_1_dorado0.9.1_sup5.0.0.bam
NA19315	s3://human-pangenomics/working/HPRC/NA19315/raw_data/nanopore/dorado0.6.0_sup4.3.0_5mCG_5hmCG/10_17_23_R1041_HPRC_NA19315_3_dorado0.6.0_sup4.3.0_5mCG_5hmCG.bam
NA19321	s3://human-pangenomics/submissions/9E0E2B11-B819-407A-8033-14F08DE9F019--UCSC_HPRC_nanopore_Year5/NA19321/sup5.0.0_5mCG_5hmCG/10_21_24_R1041_UL_HPRC_NA19321_3_dorado0.9.1_sup5.0.0_5mCG_5hmCG.bam
NA19331	s3://human-pangenomics/submissions/26FA1FCF-1B37-44B7-8B4B-736C227429BA--UCSC_HGSVC_ONT_R10/NA19331/basecalled/04_28_25_R1041_UL_HGSVC_NA19331_2_dorado0.9.1_supv5.0.0_5mCG_5hmCG.bam
NA19338	s3://human-pangenomics/submissions/9C2CC113-CBD3-47C7-B741-37550879BA49--UCSC_HPRC_NANOPORE_YEAR3_R10/NA19338/sup5.0.0_5mCG_5hmCG/11_18_24_R1041_UL_HPRC_NA19338_1_dorado0.9.1_sup5.0.0_5mCG_5hmCG.bam
NA19347	s3://human-pangenomics/submissions/26FA1FCF-1B37-44B7-8B4B-736C227429BA--UCSC_HGSVC_ONT_R10/NA19347/basecalled/05_19_25_R1041_UL_HGSVC_NA19347_2_dorado1.0.0_supv5.0.0_5mCG_5hmCG.bam
NA19360	s3://human-pangenomics/working/HPRC/NA19360/raw_data/nanopore/sup5.0.0/03_26_24_R1041_UL_HPRC_NA19360_2_dorado0.9.1_sup5.0.0.bam
NA19375	s3://human-pangenomics/submissions/9E0E2B11-B819-407A-8033-14F08DE9F019--UCSC_HPRC_nanopore_Year5/NA19375/sup5.0.0_5mCG_5hmCG/10_21_24_R1041_UL_HPRC_NA19375_2_dorado0.9.1_sup5.0.0_5mCG_5hmCG.bam
NA19377	s3://human-pangenomics/working/HPRC/NA19377/raw_data/nanopore/dorado0.6.0_sup4.3.0_5mCG_5hmCG/10_17_23_R1041_HPRC_NA19377_2_dorado0.6.0_sup4.3.0_5mCG_5hmCG.bam
NA19384	s3://human-pangenomics/submissions/26FA1FCF-1B37-44B7-8B4B-736C227429BA--UCSC_HGSVC_ONT_R10/NA19384/basecalled/06_02_25_R1041_UL_HGSVC_NA19384_1_dorado1.0.0_supv5.0.0_5mCG_5hmCG.bam
NA19390	s3://human-pangenomics/working/HPRC/NA19390/raw_data/nanopore/dorado0.6.0_sup4.3.0_5mCG_5hmCG/11_7_23_R1041_HPRC_NA19390_3_dorado0.6.0_sup4.3.0_5mCG_5hmCG.bam
NA19391	s3://human-pangenomics/submissions/9C2CC113-CBD3-47C7-B741-37550879BA49--UCSC_HPRC_NANOPORE_YEAR3_R10/NA19391/sup5.0.0_5mCG_5hmCG/11_18_24_R1041_UL_HPRC_NA19391_2_dorado0.9.1_sup5.0.0_5mCG_5hmCG.bam
NA19395	s3://human-pangenomics/working/HPRC/NA19395/raw_data/nanopore/sup5.0.0/04_30_24_R1041_UL_HPRC_NA19395_2_dorado0.9.1_sup5.0.0.bam
NA19434	s3://human-pangenomics/submissions/26FA1FCF-1B37-44B7-8B4B-736C227429BA--UCSC_HGSVC_ONT_R10/NA19434/basecalled/04_28_25_R1041_UL_HGSVC_NA19434_1_dorado0.9.1_supv5.0.0_5mCG_5hmCG.bam
NA19438	s3://human-pangenomics/submissions/9E0E2B11-B819-407A-8033-14F08DE9F019--UCSC_HPRC_nanopore_Year5/NA19438/sup5.0.0_5mCG_5hmCG/10_28_24_R1041_UL_HPRC_NA19438_2_dorado0.9.1_sup5.0.0_5mCG_5hmCG.bam
NA19439	s3://human-pangenomics/working/HPRC/NA19439/raw_data/nanopore/sup5.0.0/10_21_24_R1041_UL_HPRC_NA19439_2_dorado0.9.1_sup5.0.0.bam
NA19443	s3://human-pangenomics/working/HPRC/NA19443/raw_data/nanopore/dorado0.6.0_sup4.3.0_5mCG_5hmCG/01_23_24_R1041_HPRC_NA19443_2_dorado0.6.0_sup4.3.0_5mCG_5hmCG.bam
NA19445	s3://human-pangenomics/submissions/9E0E2B11-B819-407A-8033-14F08DE9F019--UCSC_HPRC_nanopore_Year5/NA19445/sup5.0.0_5mCG_5hmCG/10_28_24_R1041_UL_HPRC_NA19445_1_dorado0.9.1_sup5.0.0_5mCG_5hmCG.bam
NA19448	s3://human-pangenomics/submissions/9E0E2B11-B819-407A-8033-14F08DE9F019--UCSC_HPRC_nanopore_Year5/NA19448/sup5.0.0_5mCG_5hmCG/10_21_24_R1041_UL_HPRC_NA19448_1_dorado0.9.1_sup5.0.0_5mCG_5hmCG.bam
NA19461	s3://human-pangenomics/submissions/9E0E2B11-B819-407A-8033-14F08DE9F019--UCSC_HPRC_nanopore_Year5/NA19461/sup5.0.0_5mCG_5hmCG/10_15_24_R1041_UL_HPRC_NA19461_1_dorado0.9.1_sup5.0.0_5mCG_5hmCG.bam
NA19468	s3://human-pangenomics/submissions/9C2CC113-CBD3-47C7-B741-37550879BA49--UCSC_HPRC_NANOPORE_YEAR3_R10/NA19468/sup5.0.0_5mCG_5hmCG/11_04_24_R1041_UL_HPRC_NA19468_2_dorado0.9.1_sup5.0.0_5mCG_5hmCG.bam
NA19650	s3://human-pangenomics/submissions/26FA1FCF-1B37-44B7-8B4B-736C227429BA--UCSC_HGSVC_ONT_R10/NA19650/basecalled/04_28_25_R1041_UL_HGSVC_NA19650_1_dorado0.9.1_supv5.0.0_5mCG_5hmCG.bam
NA19655	s3://human-pangenomics/submissions/9E0E2B11-B819-407A-8033-14F08DE9F019--UCSC_HPRC_nanopore_Year5/NA19655/sup5.0.0_5mCG_5hmCG/12_09_24_R1041_UL_HPRC_NA19655_1_dorado1.1.1_sup5.0.0_5mCG_5hmCG.bam
NA19679	s3://human-pangenomics/working/HPRC/NA19679/raw_data/nanopore/sup5.0.0/10_07_24_R1041_UL_HPRC_NA19679_2_dorado0.9.1_sup5.0.0.bam
NA19682	s3://human-pangenomics/working/HPRC/NA19682/raw_data/nanopore/dorado0.6.0_sup4.3.0_5mCG_5hmCG/11_28_23_R1041_HPRC_NA19682_1_dorado0.6.0_sup4.3.0_5mCG_5hmCG.bam
NA19700	s3://human-pangenomics/working/HPRC/NA19700/raw_data/nanopore/dorado0.6.0_sup4.3.0_5mCG_5hmCG/01_23_24_R1041_HPRC_NA19700_1_dorado0.6.0_sup4.3.0_5mCG_5hmCG.bam
NA19703	s3://human-pangenomics/working/HPRC/NA19703/raw_data/nanopore/dorado0.6.0_sup4.3.0_5mCG_5hmCG/09_06_23_R1041_HPRC_NA19703_2_dorado0.6.0_sup4.3.0_5mCG_5hmCG.bam
NA19705	s3://human-pangenomics/submissions/26FA1FCF-1B37-44B7-8B4B-736C227429BA--UCSC_HGSVC_ONT_R10/NA19705/basecalled/04_28_25_R1041_UL_HGSVC_NA19705_2_dorado0.9.1_supv5.0.0_5mCG_5hmCG.bam
NA19776	s3://human-pangenomics/working/HPRC/NA19776/raw_data/nanopore/dorado0.6.0_sup4.3.0_5mCG_5hmCG/10_24_23_R1041_HPRC_NA19776_1_dorado0.6.0_sup4.3.0_5mCG_5hmCG.bam
NA19834	s3://human-pangenomics/working/HPRC/NA19834/raw_data/nanopore/dorado0.6.0_sup4.3.0_5mCG_5hmCG/08_08_23_R1041_HPRC_NA19834_3_dorado0.6.0_sup4.3.0_5mCG_5hmCG.bam
NA19835	s3://human-pangenomics/working/HPRC/NA19835/raw_data/nanopore/dorado0.6.0_sup4.3.0_5mCG_5hmCG/10_31_23_R1041_HPRC_NA19835_1_dorado0.6.0_sup4.3.0_5mCG_5hmCG.bam
NA19836	s3://human-pangenomics/submissions/26FA1FCF-1B37-44B7-8B4B-736C227429BA--UCSC_HGSVC_ONT_R10/NA19836/basecalled/04_28_25_R1041_UL_HGSVC_NA19836_1_dorado0.9.1_supv5.0.0_5mCG_5hmCG.bam
NA19909	s3://human-pangenomics/working/HPRC/NA19909/raw_data/nanopore/dorado0.6.0_sup4.3.0_5mCG_5hmCG/11_14_23_R1041_HPRC_NA19909_3_dorado0.6.0_sup4.3.0_5mCG_5hmCG.bam
NA19917	s3://human-pangenomics/submissions/9E0E2B11-B819-407A-8033-14F08DE9F019--UCSC_HPRC_nanopore_Year5/NA19917/sup5.0.0_5mCG_5hmCG/10_21_24_R1041_UL_HPRC_NA19917_1_dorado0.9.1_sup5.0.0_5mCG_5hmCG.bam
NA19923	s3://human-pangenomics/submissions/9E0E2B11-B819-407A-8033-14F08DE9F019--UCSC_HPRC_nanopore_Year5/NA19923/basecalled/12_15_25_R1041_UL_HPRC_NA19923_3_dorado1.3.0_supv5.2.0_5mCG_5hmCG.bam
NA19983	s3://human-pangenomics/submissions/26FA1FCF-1B37-44B7-8B4B-736C227429BA--UCSC_HGSVC_ONT_R10/NA19983/basecalled/06_02_25_R1041_UL_HGSVC_NA19983_1_dorado1.0.0_supv5.0.0_5mCG_5hmCG.bam
NA20129	s3://human-pangenomics/submissions/0ABE6352-37DD-4158-8EE1-877D03B09A25--UCSC_HPRC_PLUS_nanopore_R10/NA20129/basecalled/07_21_25_R1041_UL_HPRCPLUS_NA20129_1_dorado1.0.0_supv5.2.0_5mCG_5hmCG.bam
NA20282	s3://human-pangenomics/working/HPRC/NA20282/raw_data/nanopore/dorado0.6.0_sup4.3.0_5mCG_5hmCG/12_12_23_R1041_HPRC_NA20282_1_dorado0.6.0_sup4.3.0_5mCG_5hmCG.bam
NA20287	s3://human-pangenomics/working/HPRC/NA20287/raw_data/nanopore/dorado0.6.0_sup4.3.0_5mCG_5hmCG/11_7_23_R1041_HPRC_NA20287_3_dorado0.6.0_sup4.3.0_5mCG_5hmCG.bam
NA20300	s3://human-pangenomics/working/HPRC_PLUS/NA20300/raw_data/nanopore/dorado0.7.2_sup4.1.0_5mCG_5hmCG/03_08_23_R1041_NA20300_2_dorado0.7.2_sup4.1.0_5mCG_5hmCG.bam
NA20346	s3://human-pangenomics/working/HPRC/NA20346/raw_data/nanopore/dorado0.6.0_sup4.3.0_5mCG_5hmCG/11_28_23_R1041_HPRC_NA20346_3_dorado0.6.0_sup4.3.0_5mCG_5hmCG.bam
NA20355	s3://human-pangenomics/submissions/26FA1FCF-1B37-44B7-8B4B-736C227429BA--UCSC_HGSVC_ONT_R10/NA20355/basecalled/04_28_25_R1041_UL_HGSVC_NA20355_1_dorado0.9.1_supv5.0.0_5mCG_5hmCG.bam
NA20412	s3://human-pangenomics/submissions/9E0E2B11-B819-407A-8033-14F08DE9F019--UCSC_HPRC_nanopore_Year5/NA20412/sup5.0.0_5mCG_5hmCG/10_15_24_R1041_UL_HPRC_NA20412_1_dorado0.9.1_sup5.0.0_5mCG_5hmCG.bam
NA20503	s3://human-pangenomics/working/HPRC/NA20503/raw_data/nanopore/dorado0.6.0_sup4.3.0_5mCG_5hmCG/12_12_23_R1041_HPRC_NA20503_2_dorado0.6.0_sup4.3.0_5mCG_5hmCG.bam
NA20509	s3://human-pangenomics/submissions/26FA1FCF-1B37-44B7-8B4B-736C227429BA--UCSC_HGSVC_ONT_R10/NA20509/basecalled/05_19_25_R1041_UL_HGSVC_NA20509_2_dorado1.0.0_supv5.0.0_5mCG_5hmCG.bam
NA20588	s3://human-pangenomics/submissions/9E0E2B11-B819-407A-8033-14F08DE9F019--UCSC_HPRC_nanopore_Year5/NA20588/sup5.0.0_5mCG_5hmCG/12_09_24_R1041_UL_HPRC_NA20588_1_dorado0.9.1_sup5.0.0_5mCG_5hmCG.bam
NA20752	s3://human-pangenomics/submissions/9C2CC113-CBD3-47C7-B741-37550879BA49--UCSC_HPRC_NANOPORE_YEAR3_R10/NA20752/sup5.0.0_5mCG_5hmCG/11_12_24_R1041_UL_HPRC_NA20752_1_dorado0.9.1_sup5.0.0_5mCG_5hmCG.bam
NA20756	s3://human-pangenomics/working/HPRC/NA20756/raw_data/nanopore/sup5.0.0/10_07_24_R1041_UL_HPRC_NA20756_1_dorado0.9.1_sup5.0.0.bam
NA20762	s3://human-pangenomics/working/HPRC/NA20762/raw_data/nanopore/dorado0.6.0_sup4.3.0_5mCG_5hmCG/01_23_24_R1041_HPRC_NA20762_1_dorado0.6.0_sup4.3.0_5mCG_5hmCG.bam
NA20796	s3://human-pangenomics/working/HPRC/NA20796/raw_data/nanopore/sup5.0.0/04_30_24_R1041_UL_HPRC_NA20796_3_dorado0.9.1_sup5.0.0.bam
NA20799	s3://human-pangenomics/submissions/9C2CC113-CBD3-47C7-B741-37550879BA49--UCSC_HPRC_NANOPORE_YEAR3_R10/NA20799/sup5.0.0_5mCG_5hmCG/12_02_24_R1041_UL_HPRC_NA20799_1_dorado0.9.1_sup5.0.0_5mCG_5hmCG.bam
NA20800	s3://human-pangenomics/working/HPRC/NA20800/raw_data/nanopore/sup5.0.0/10_07_24_R1041_UL_HPRC_NA20800_1_dorado0.9.1_sup5.0.0.bam
NA20805	s3://human-pangenomics/submissions/9C2CC113-CBD3-47C7-B741-37550879BA49--UCSC_HPRC_NANOPORE_YEAR3_R10/NA20805/sup5.0.0_5mCG_5hmCG/11_12_24_R1041_UL_HPRC_NA20805_2_dorado0.9.1_sup5.0.0_5mCG_5hmCG.bam
NA20806	s3://human-pangenomics/working/HPRC/NA20806/raw_data/nanopore/dorado0.6.0_sup4.3.0_5mCG_5hmCG/12_12_23_R1041_HPRC_NA20806_1_dorado0.6.0_sup4.3.0_5mCG_5hmCG.bam
NA20809	s3://human-pangenomics/working/HPRC/NA20809/raw_data/nanopore/dorado0.6.0_sup4.3.0_5mCG_5hmCG/08_08_23_R1041_HPRC_NA20809_2_dorado0.6.0_sup4.3.0_5mCG_5hmCG.bam
NA20818	s3://human-pangenomics/working/HPRC/NA20818/raw_data/nanopore/dorado0.6.0_sup4.3.0_5mCG_5hmCG/09_12_23_R1041_HPRC_NA20818_2_dorado0.6.0_sup4.3.0_5mCG_5hmCG.bam
NA20827	s3://human-pangenomics/submissions/5ECA1D3E-1C37-44B7-BA20-576417F786F0--UCSC_HPRC_ONT_YEAR1_FIBERSEQ/NA20827/03_23_26_R1041_UL_HPRCFiberSeq_NA20827_1_dorado1.4.0_sup5.2.0_5mCG_5hmCG_6mA.bam
NA20847	s3://human-pangenomics/submissions/26FA1FCF-1B37-44B7-8B4B-736C227429BA--UCSC_HGSVC_ONT_R10/NA20847/basecalled/04_28_25_R1041_UL_HGSVC_NA20847_2_dorado0.9.1_supv5.0.0_5mCG_5hmCG.bam
NA20850	s3://human-pangenomics/working/HPRC/NA20850/raw_data/nanopore/dorado0.6.0_sup4.3.0_5mCG_5hmCG/08_08_23_R1041_HPRC_NA20850_3_dorado0.6.0_sup4.3.0_5mCG_5hmCG.bam
NA20858	s3://human-pangenomics/working/HPRC/NA20858/raw_data/nanopore/sup5.0.0_5mCG_5hmCG/12_02_24_R1041_UL_HPRC_NA20858_1_dorado0.9.5_sup5.0.0_5mCG_5hmCG.bam
NA20866	s3://human-pangenomics/submissions/9E0E2B11-B819-407A-8033-14F08DE9F019--UCSC_HPRC_nanopore_Year5/NA20866/sup5.0.0_5mCG_5hmCG/10_15_24_R1041_UL_HPRC_NA20866_2_dorado0.9.1_sup5.0.0_5mCG_5hmCG.bam
NA20870	s3://human-pangenomics/working/HPRC/NA20870/raw_data/nanopore/dorado0.6.0_sup4.3.0_5mCG_5hmCG/11_14_23_R1041_HPRC_NA20870_1_dorado0.6.0_sup4.3.0_5mCG_5hmCG.bam
NA20905	s3://human-pangenomics/submissions/9C2CC113-CBD3-47C7-B741-37550879BA49--UCSC_HPRC_NANOPORE_YEAR3_R10/NA20905/sup5.0.0_5mCG_5hmCG/12_02_24_R1041_UL_HPRC_NA20905_2_dorado0.9.1_sup5.0.0_5mCG_5hmCG.bam
NA21093	s3://human-pangenomics/working/HPRC/NA21093/raw_data/nanopore/dorado0.6.0_sup4.3.0_5mCG_5hmCG/12_12_23_R1041_HPRC_NA21093_2_dorado0.6.0_sup4.3.0_5mCG_5hmCG.bam
NA21101	s3://human-pangenomics/working/HPRC/NA21101/raw_data/nanopore/dorado0.6.0_sup4.3.0_5mCG_5hmCG/10_10_23_R1041_HPRC_NA21101_1_dorado0.6.0_sup4.3.0_5mCG_5hmCG.bam
NA21102	s3://human-pangenomics/working/HPRC/NA21102/raw_data/nanopore/dorado0.6.0_sup4.3.0_5mCG_5hmCG/01_23_24_R1041_HPRC_NA21102_1_dorado0.6.0_sup4.3.0_5mCG_5hmCG.bam
NA21106	s3://human-pangenomics/working/HPRC/NA21106/raw_data/nanopore/dorado0.6.0_sup4.3.0_5mCG_5hmCG/10_24_23_R1041_HPRC_NA21106_3_dorado0.6.0_sup4.3.0_5mCG_5hmCG.bam
NA21110	s3://human-pangenomics/working/HPRC/NA21110/raw_data/nanopore/dorado0.6.0_sup4.3.0_5mCG_5hmCG/01_16_24_R1041_HPRC_NA21110_2_dorado0.6.0_sup4.3.0_5mCG_5hmCG.bam
NA21133	s3://human-pangenomics/submissions/9E0E2B11-B819-407A-8033-14F08DE9F019--UCSC_HPRC_nanopore_Year5/NA21133/sup5.0.0_5mCG_5hmCG/10_15_24_R1041_UL_HPRC_NA21133_2_dorado0.9.1_sup5.0.0_5mCG_5hmCG.bam
NA21144	s3://human-pangenomics/working/HPRC/NA21144/raw_data/nanopore/dorado0.6.0_sup4.3.0_5mCG_5hmCG/01_23_24_R1041_HPRC_NA21144_1_dorado0.6.0_sup4.3.0_5mCG_5hmCG.bam
NA21309	s3://human-pangenomics/working/HPRC_PLUS/NA21309/raw_data/nanopore/dorado0.7.2_sup4.1.0_5mCG_5hmCG/02_22_23_R1041_NA21309_1_dorado0.7.2_sup4.1.0_5mCG_5hmCG.bam
